PRAGMA foreign_keys=OFF;
BEGIN TRANSACTION;
CREATE TABLE metadata (
    key TEXT PRIMARY KEY,
    value TEXT NOT NULL
) WITHOUT ROWID;

CREATE TABLE countries (
    id TEXT PRIMARY KEY,
    name TEXT NOT NULL UNIQUE
) WITHOUT ROWID;

CREATE TABLE aircraft (
    id TEXT PRIMARY KEY,
    name TEXT NOT NULL UNIQUE,
    family TEXT NOT NULL CHECK (family IN ('fighter','helicopter','light','medium','heavy')),
    hero_photo_id TEXT REFERENCES photos(id) DEFERRABLE INITIALLY DEFERRED,
    write_up TEXT NOT NULL DEFAULT ''
, double_width INTEGER CHECK (double_width IN (0,1))) WITHOUT ROWID;

CREATE TABLE units (
    id TEXT PRIMARY KEY,
    name TEXT NOT NULL,
    country_id TEXT NOT NULL REFERENCES countries(id),
    kind TEXT NOT NULL DEFAULT 'squadron' CHECK (kind IN ('squadron','organisation')),
    logo_source TEXT NOT NULL DEFAULT '',
    hero_photo_id TEXT REFERENCES photos(id) DEFERRABLE INITIALLY DEFERRED,
    write_up TEXT NOT NULL DEFAULT '',
    UNIQUE (country_id, name, kind)
) WITHOUT ROWID;

CREATE TABLE locations (
    id TEXT PRIMARY KEY,
    name TEXT NOT NULL,
    country_id TEXT NOT NULL REFERENCES countries(id),
    icao TEXT NOT NULL DEFAULT '',
    latitude REAL NOT NULL CHECK (latitude BETWEEN -90 AND 90),
    longitude REAL NOT NULL CHECK (longitude BETWEEN -180 AND 180),
    enabled INTEGER NOT NULL DEFAULT 1 CHECK (enabled IN (0,1)),
    hero_photo_id TEXT REFERENCES photos(id) DEFERRABLE INITIALLY DEFERRED,
    write_up TEXT NOT NULL DEFAULT '',
    UNIQUE (country_id, name)
) WITHOUT ROWID;

CREATE TABLE events (
    id TEXT PRIMARY KEY,
    name TEXT NOT NULL UNIQUE,
    starts_on TEXT CHECK (starts_on IS NULL OR starts_on GLOB '[0-9][0-9][0-9][0-9]-[0-9][0-9]-[0-9][0-9]'),
    ends_on TEXT CHECK (ends_on IS NULL OR ends_on GLOB '[0-9][0-9][0-9][0-9]-[0-9][0-9]-[0-9][0-9]'),
    hero_photo_id TEXT REFERENCES photos(id) DEFERRABLE INITIALLY DEFERRED,
    write_up TEXT NOT NULL DEFAULT '',
    CHECK (starts_on IS NULL OR ends_on IS NULL OR starts_on <= ends_on)
) WITHOUT ROWID;

CREATE TABLE aircraft_units (
    aircraft_id TEXT NOT NULL REFERENCES aircraft(id) ON DELETE CASCADE,
    unit_id TEXT NOT NULL REFERENCES units(id) ON DELETE CASCADE,
    PRIMARY KEY (aircraft_id, unit_id)
) WITHOUT ROWID;

CREATE TABLE event_locations (
    event_id TEXT NOT NULL REFERENCES events(id) ON DELETE CASCADE,
    location_id TEXT NOT NULL REFERENCES locations(id) ON DELETE CASCADE,
    PRIMARY KEY (event_id, location_id)
) WITHOUT ROWID;

CREATE TABLE photos (
    id TEXT PRIMARY KEY,
    source_path TEXT NOT NULL UNIQUE,
    location_id TEXT NOT NULL REFERENCES locations(id),
    event_id TEXT REFERENCES events(id),
    date_override TEXT CHECK (date_override IS NULL OR date_override GLOB '[0-9][0-9][0-9][0-9]-[0-9][0-9]-[0-9][0-9]'),
    title TEXT NOT NULL DEFAULT '',
    caption TEXT NOT NULL DEFAULT '',
    livery TEXT NOT NULL DEFAULT '',
    caption_ai_assisted INTEGER NOT NULL DEFAULT 0 CHECK (caption_ai_assisted IN (0,1))
) WITHOUT ROWID;

CREATE TABLE photo_subjects (
    photo_id TEXT NOT NULL REFERENCES photos(id) ON DELETE CASCADE,
    position INTEGER NOT NULL CHECK (position >= 0),
    aircraft_id TEXT REFERENCES aircraft(id),
    unit_id TEXT REFERENCES units(id),
    is_primary INTEGER NOT NULL DEFAULT 0 CHECK (is_primary IN (0,1)),
    PRIMARY KEY (photo_id, position),
    CHECK (aircraft_id IS NOT NULL OR unit_id IS NOT NULL)
) WITHOUT ROWID;

CREATE UNIQUE INDEX one_primary_subject_per_photo
ON photo_subjects(photo_id) WHERE is_primary = 1;

CREATE INDEX photos_by_event ON photos(event_id);

CREATE INDEX photos_by_location ON photos(location_id);

CREATE INDEX subjects_by_aircraft ON photo_subjects(aircraft_id);

CREATE INDEX subjects_by_unit ON photo_subjects(unit_id);

INSERT INTO "metadata" ("key", "value") VALUES ('schema_version', '3');

INSERT INTO "countries" ("id", "name") VALUES ('au', 'Australia');
INSERT INTO "countries" ("id", "name") VALUES ('bm', 'Bermuda');
INSERT INTO "countries" ("id", "name") VALUES ('china', 'China');
INSERT INTO "countries" ("id", "name") VALUES ('fr', 'France');
INSERT INTO "countries" ("id", "name") VALUES ('hk', 'Hong Kong');
INSERT INTO "countries" ("id", "name") VALUES ('in', 'India');
INSERT INTO "countries" ("id", "name") VALUES ('it', 'Italy');
INSERT INTO "countries" ("id", "name") VALUES ('jp', 'Japan');
INSERT INTO "countries" ("id", "name") VALUES ('kr', 'Korea');
INSERT INTO "countries" ("id", "name") VALUES ('my', 'Malaysia');
INSERT INTO "countries" ("id", "name") VALUES ('nz', 'New Zealand');
INSERT INTO "countries" ("id", "name") VALUES ('sg', 'Singapore');
INSERT INTO "countries" ("id", "name") VALUES ('th', 'Thailand');
INSERT INTO "countries" ("id", "name") VALUES ('us', 'United States');
INSERT INTO "countries" ("id", "name") VALUES ('vn', 'Vietnam');

INSERT INTO "aircraft" ("id", "name", "family", "hero_photo_id", "write_up", "double_width") VALUES ('airbus-a300-600st', 'Airbus A300-600ST', 'heavy', '2023-01-17-beluga-2', '', NULL);
INSERT INTO "aircraft" ("id", "name", "family", "hero_photo_id", "write_up", "double_width") VALUES ('airbus-a320-200', 'Airbus A320-200', 'medium', NULL, '', NULL);
INSERT INTO "aircraft" ("id", "name", "family", "hero_photo_id", "write_up", "double_width") VALUES ('airbus-a330-200', 'Airbus A330-200', 'heavy', '2024-07-04-dsc08218-enhanced-nr', '', NULL);
INSERT INTO "aircraft" ("id", "name", "family", "hero_photo_id", "write_up", "double_width") VALUES ('airbus-a330-mrtt', 'Airbus A330 MRTT', 'heavy', '2023-08-29-dsc05206-enhanced-nr', '', 1);
INSERT INTO "aircraft" ("id", "name", "family", "hero_photo_id", "write_up", "double_width") VALUES ('atr-72-500', 'ATR 72-500', 'medium', '2023-04-29-firefly-1', '', NULL);
INSERT INTO "aircraft" ("id", "name", "family", "hero_photo_id", "write_up", "double_width") VALUES ('b-52h-stratofortress', 'Boeing B-52H Stratofortress', 'heavy', '2024-02-22-dsc06779-enhanced-nr', '', NULL);
INSERT INTO "aircraft" ("id", "name", "family", "hero_photo_id", "write_up", "double_width") VALUES ('beechcraft-at-6th-wolverine', 'Beechcraft AT-6TH Wolverine', 'light', '2026-01-10-dsc06084', '', NULL);
INSERT INTO "aircraft" ("id", "name", "family", "hero_photo_id", "write_up", "double_width") VALUES ('bell-uh-1-iroquois', 'Bell UH-1 Iroquois', 'helicopter', '2023-09-18-usaf-huey-3', '', NULL);
INSERT INTO "aircraft" ("id", "name", "family", "hero_photo_id", "write_up", "double_width") VALUES ('bell-uh-1y-venom', 'Bell UH-1Y Venom', 'helicopter', '2025-12-12-dsc00879', '', NULL);
INSERT INTO "aircraft" ("id", "name", "family", "hero_photo_id", "write_up", "double_width") VALUES ('boeing-727', 'Boeing 727', 'heavy', '2023-10-01-dsc03837-enhanced-nr', '', NULL);
INSERT INTO "aircraft" ("id", "name", "family", "hero_photo_id", "write_up", "double_width") VALUES ('boeing-737-800', 'Boeing 737-800', 'medium', '2025-02-03-dsc01755-enhanced-nr', '', NULL);
INSERT INTO "aircraft" ("id", "name", "family", "hero_photo_id", "write_up", "double_width") VALUES ('boeing-747-400-f', 'Boeing 747-400(F)', 'heavy', '2025-04-17-n742ck', '', NULL);
INSERT INTO "aircraft" ("id", "name", "family", "hero_photo_id", "write_up", "double_width") VALUES ('boeing-757', 'Boeing 757', 'heavy', '2023-02-23-honeywell-1', '', NULL);
INSERT INTO "aircraft" ("id", "name", "family", "hero_photo_id", "write_up", "double_width") VALUES ('boeing-777-300er', 'Boeing 777-300ER', 'heavy', '2023-09-11-cygnus-2', '', 1);
INSERT INTO "aircraft" ("id", "name", "family", "hero_photo_id", "write_up", "double_width") VALUES ('boeing-ah-64d-apache-longbow', 'Boeing AH-64D Apache Longbow', 'helicopter', '2026-02-03-rsaf-apache-flare', '', NULL);
INSERT INTO "aircraft" ("id", "name", "family", "hero_photo_id", "write_up", "double_width") VALUES ('boeing-ah-64djp-apache', 'Boeing AH-64DJP Apache', 'helicopter', '2023-11-26-dsc05377-enhanced-nr', '', NULL);
INSERT INTO "aircraft" ("id", "name", "family", "hero_photo_id", "write_up", "double_width") VALUES ('boeing-c-17-globemaster-iii', 'Boeing C-17 Globemaster III', 'heavy', NULL, '', NULL);
INSERT INTO "aircraft" ("id", "name", "family", "hero_photo_id", "write_up", "double_width") VALUES ('boeing-c-40a-clipper', 'Boeing C-40A Clipper', 'medium', '2023-06-30-wsss-clipper-1', '', NULL);
INSERT INTO "aircraft" ("id", "name", "family", "hero_photo_id", "write_up", "double_width") VALUES ('boeing-e-3g-sentry', 'Boeing E-3G Sentry', 'heavy', NULL, '', 1);
INSERT INTO "aircraft" ("id", "name", "family", "hero_photo_id", "write_up", "double_width") VALUES ('boeing-e-4b-nightwatch', 'Boeing E-4B Nightwatch', 'heavy', '2024-06-05-dsc04786-enhanced-nr', '', 1);
INSERT INTO "aircraft" ("id", "name", "family", "hero_photo_id", "write_up", "double_width") VALUES ('boeing-e-767', 'Boeing E-767', 'heavy', NULL, '', NULL);
INSERT INTO "aircraft" ("id", "name", "family", "hero_photo_id", "write_up", "double_width") VALUES ('boeing-e-7a-wedgetail', 'Boeing E-7A Wedgetail', 'medium', '2024-09-29-dsc09765-enhanced-nr', '', NULL);
INSERT INTO "aircraft" ("id", "name", "family", "hero_photo_id", "write_up", "double_width") VALUES ('boeing-f-15sg-strike-eagle', 'Boeing F-15SG Strike Eagle', 'fighter', '2023-08-04-dsc01749-enhanced-nr', '', NULL);
INSERT INTO "aircraft" ("id", "name", "family", "hero_photo_id", "write_up", "double_width") VALUES ('boeing-kc-135-stratotanker', 'Boeing KC-135 Stratotanker', 'heavy', '2024-01-11-metrea-kc135-3', '', NULL);
INSERT INTO "aircraft" ("id", "name", "family", "hero_photo_id", "write_up", "double_width") VALUES ('boeing-kc-46-pegasus', 'Boeing KC-46 Pegasus', 'heavy', '2025-11-30-dsc05021', '', NULL);
INSERT INTO "aircraft" ("id", "name", "family", "hero_photo_id", "write_up", "double_width") VALUES ('boeing-kc-767', 'Boeing KC-767', 'heavy', '2023-08-04-italy-kc767-1', '', NULL);
INSERT INTO "aircraft" ("id", "name", "family", "hero_photo_id", "write_up", "double_width") VALUES ('boeing-kc-767j', 'Boeing KC-767J', 'heavy', '2023-11-12-dsc09722-enhanced-nr', '', NULL);
INSERT INTO "aircraft" ("id", "name", "family", "hero_photo_id", "write_up", "double_width") VALUES ('cessna-uc-35-citation', 'Cessna UC-35 Citation', 'medium', '2025-12-12-dsc00765', '', NULL);
INSERT INTO "aircraft" ("id", "name", "family", "hero_photo_id", "write_up", "double_width") VALUES ('comac-c919', 'Comac C919', 'medium', NULL, '', NULL);
INSERT INTO "aircraft" ("id", "name", "family", "hero_photo_id", "write_up", "double_width") VALUES ('dassault-rafale-b', 'Dassault Rafale B', 'fighter', '2023-06-26-rafale-b-1', '', NULL);
INSERT INTO "aircraft" ("id", "name", "family", "hero_photo_id", "write_up", "double_width") VALUES ('dassault-rafale-c', 'Dassault Rafale C', 'fighter', NULL, '', NULL);
INSERT INTO "aircraft" ("id", "name", "family", "hero_photo_id", "write_up", "double_width") VALUES ('dornier-228', 'Dornier 228', 'medium', '2022-11-23-dsc09504', '', NULL);
INSERT INTO "aircraft" ("id", "name", "family", "hero_photo_id", "write_up", "double_width") VALUES ('dornier-c-146a-wolfhound', 'Dornier C-146A Wolfhound', 'medium', NULL, '', NULL);
INSERT INTO "aircraft" ("id", "name", "family", "hero_photo_id", "write_up", "double_width") VALUES ('fokker-50-mpa', 'Fokker 50 MPA', 'medium', '2023-07-17-dsc07416-enhanced-nr', '', NULL);
INSERT INTO "aircraft" ("id", "name", "family", "hero_photo_id", "write_up", "double_width") VALUES ('fokker-50-uta', 'Fokker 50 UTA', 'medium', '2023-06-27-dsc08334-enhanced-nr', '', NULL);
INSERT INTO "aircraft" ("id", "name", "family", "hero_photo_id", "write_up", "double_width") VALUES ('general-dynamics-f-16a', 'General Dynamics F-16A', 'fighter', '2026-01-10-dsc04426', '', NULL);
INSERT INTO "aircraft" ("id", "name", "family", "hero_photo_id", "write_up", "double_width") VALUES ('general-dynamics-f-16b', 'General Dynamics F-16B', 'fighter', '2026-01-10-dsc04059', '', NULL);
INSERT INTO "aircraft" ("id", "name", "family", "hero_photo_id", "write_up", "double_width") VALUES ('grumman-c-2a-greyhound', 'Grumman C-2A Greyhound', 'medium', '2023-02-07-c2-vrc30', '', NULL);
INSERT INTO "aircraft" ("id", "name", "family", "hero_photo_id", "write_up", "double_width") VALUES ('grumman-e-2d-hawkeye', 'Grumman E-2D Hawkeye', 'medium', '2025-12-11-dsc04372', '', NULL);
INSERT INTO "aircraft" ("id", "name", "family", "hero_photo_id", "write_up", "double_width") VALUES ('gulfstream-c-37b', 'Gulfstream C-37B', 'medium', NULL, '', NULL);
INSERT INTO "aircraft" ("id", "name", "family", "hero_photo_id", "write_up", "double_width") VALUES ('gulfstream-g550-caew', 'Gulfstream G550 CAEW', 'medium', '2023-08-04-italy-g550', '', NULL);
INSERT INTO "aircraft" ("id", "name", "family", "hero_photo_id", "write_up", "double_width") VALUES ('hawker-u-125a', 'Hawker U-125A', 'medium', '2023-10-07-dsc02988-enhanced-nr', '', NULL);
INSERT INTO "aircraft" ("id", "name", "family", "hero_photo_id", "write_up", "double_width") VALUES ('kai-t-50b-golden-eagle', 'KAI T-50B Golden Eagle', 'fighter', '2024-02-22-dsc06214-enhanced-nr', '', NULL);
INSERT INTO "aircraft" ("id", "name", "family", "hero_photo_id", "write_up", "double_width") VALUES ('kawasaki-c-2', 'Kawasaki C-2', 'heavy', '2023-11-12-dsc01092-enhanced-nr', '', NULL);
INSERT INTO "aircraft" ("id", "name", "family", "hero_photo_id", "write_up", "double_width") VALUES ('kawasaki-ec-2', 'Kawasaki EC-2', 'heavy', NULL, '', NULL);
INSERT INTO "aircraft" ("id", "name", "family", "hero_photo_id", "write_up", "double_width") VALUES ('kawasaki-oh-1-ninja', 'Kawasaki OH-1 Ninja', 'helicopter', '2025-11-30-dsc05292', '', NULL);
INSERT INTO "aircraft" ("id", "name", "family", "hero_photo_id", "write_up", "double_width") VALUES ('kawasaki-p-1', 'Kawasaki P-1', 'heavy', '2023-09-09-p1-2', '', NULL);
INSERT INTO "aircraft" ("id", "name", "family", "hero_photo_id", "write_up", "double_width") VALUES ('kawasaki-rc-2', 'Kawasaki RC-2', 'heavy', NULL, '', NULL);
INSERT INTO "aircraft" ("id", "name", "family", "hero_photo_id", "write_up", "double_width") VALUES ('kawasaki-t-4', 'Kawasaki T-4', 'fighter', '2025-11-30-dsc03282', '', NULL);
INSERT INTO "aircraft" ("id", "name", "family", "hero_photo_id", "write_up", "double_width") VALUES ('kawasaki-up-1', 'Kawasaki UP-1', 'heavy', NULL, '', NULL);
INSERT INTO "aircraft" ("id", "name", "family", "hero_photo_id", "write_up", "double_width") VALUES ('kawasaki-up-3c-orion', 'Kawasaki UP-3C Orion', 'heavy', '2023-09-23-dsc01693-enhanced-nr', '', NULL);
INSERT INTO "aircraft" ("id", "name", "family", "hero_photo_id", "write_up", "double_width") VALUES ('kawasaki-up-3d', 'Kawasaki UP-3D', 'heavy', '2023-11-04-dsc06871-enhanced-nr', '', NULL);
INSERT INTO "aircraft" ("id", "name", "family", "hero_photo_id", "write_up", "double_width") VALUES ('learjet-u-36a', 'Learjet U-36A', 'medium', '2023-10-01-dsc07893-enhanced-nr', '', NULL);
INSERT INTO "aircraft" ("id", "name", "family", "hero_photo_id", "write_up", "double_width") VALUES ('lockheed-c-130j-super-hercules', 'Lockheed C-130J Super Hercules', 'heavy', '2023-09-18-usaf-c130-1', '', NULL);
INSERT INTO "aircraft" ("id", "name", "family", "hero_photo_id", "write_up", "double_width") VALUES ('lockheed-c-130r', 'Lockheed C-130R', 'heavy', '2023-09-09-jmsdf-c130-2', '', NULL);
INSERT INTO "aircraft" ("id", "name", "family", "hero_photo_id", "write_up", "double_width") VALUES ('lockheed-kc-130j-hercules', 'Lockheed KC-130J Hercules', 'heavy', NULL, '', NULL);
INSERT INTO "aircraft" ("id", "name", "family", "hero_photo_id", "write_up", "double_width") VALUES ('lockheed-martin-f-35a-lightning-ii', 'Lockheed Martin F-35A Lightning II', 'fighter', '2026-01-31-raaf-f35a-4', '', NULL);
INSERT INTO "aircraft" ("id", "name", "family", "hero_photo_id", "write_up", "double_width") VALUES ('lockheed-p-3k2-orion', 'Lockheed P-3K2 Orion', 'heavy', NULL, '', NULL);
INSERT INTO "aircraft" ("id", "name", "family", "hero_photo_id", "write_up", "double_width") VALUES ('mitsubishi-f-15dj-eagle', 'Mitsubishi F-15DJ Eagle', 'fighter', '2023-10-07-dsc03743-enhanced-nr', '', NULL);
INSERT INTO "aircraft" ("id", "name", "family", "hero_photo_id", "write_up", "double_width") VALUES ('mitsubishi-f-15j-eagle', 'Mitsubishi F-15J Eagle', 'fighter', '2024-08-21-dsc07818-enhanced-nr', '', NULL);
INSERT INTO "aircraft" ("id", "name", "family", "hero_photo_id", "write_up", "double_width") VALUES ('mitsubishi-f-2a', 'Mitsubishi F-2A', 'fighter', '2023-10-06-dsc01454-enhanced-nr', '', 1);
INSERT INTO "aircraft" ("id", "name", "family", "hero_photo_id", "write_up", "double_width") VALUES ('mitsubishi-f-2b', 'Mitsubishi F-2B', 'fighter', '2026-04-07-dsc05913', '', 1);
INSERT INTO "aircraft" ("id", "name", "family", "hero_photo_id", "write_up", "double_width") VALUES ('mitsubishi-uh-60j', 'Mitsubishi UH-60J', 'helicopter', '2025-11-30-dsc04333', '', NULL);
INSERT INTO "aircraft" ("id", "name", "family", "hero_photo_id", "write_up", "double_width") VALUES ('saab-gripen-c', 'Saab Gripen C', 'fighter', '2026-01-10-dsc05407', '', NULL);
INSERT INTO "aircraft" ("id", "name", "family", "hero_photo_id", "write_up", "double_width") VALUES ('shinmaywa-us-2', 'ShinMaywa US-2', 'heavy', '2023-11-26-dsc06396-enhanced-nr', '', NULL);
INSERT INTO "aircraft" ("id", "name", "family", "hero_photo_id", "write_up", "double_width") VALUES ('sikorsky-ch-53e-super-stallion', 'Sikorsky CH-53E Super Stallion', 'helicopter', '2025-12-12-dsc00757', '', NULL);
INSERT INTO "aircraft" ("id", "name", "family", "hero_photo_id", "write_up", "double_width") VALUES ('sikorsky-mh-60r-seahawk', 'Sikorsky MH-60R Seahawk', 'helicopter', NULL, '', NULL);

INSERT INTO "units" ("id", "name", "country_id", "kind", "logo_source", "hero_photo_id", "write_up") VALUES ('au-36-squadron', 'No. 36 Squadron', 'au', 'squadron', '', NULL, '');
INSERT INTO "units" ("id", "name", "country_id", "kind", "logo_source", "hero_photo_id", "write_up") VALUES ('au-75-squadron', 'No. 75 Squadron', 'au', 'squadron', 'logos/raaf_75_sqn.png', '2026-02-03-raaf-f35a-1', '');
INSERT INTO "units" ("id", "name", "country_id", "kind", "logo_source", "hero_photo_id", "write_up") VALUES ('au-no-2-squadron', 'No. 2 Squadron', 'au', 'squadron', '', '2024-09-29-dsc09753-enhanced-nr', '');
INSERT INTO "units" ("id", "name", "country_id", "kind", "logo_source", "hero_photo_id", "write_up") VALUES ('bm-malibu-consulting-corp', 'Malibu Consulting Corp', 'bm', 'organisation', '', NULL, '');
INSERT INTO "units" ("id", "name", "country_id", "kind", "logo_source", "hero_photo_id", "write_up") VALUES ('china-comac', 'COMAC', 'china', 'organisation', '', NULL, '');
INSERT INTO "units" ("id", "name", "country_id", "kind", "logo_source", "hero_photo_id", "write_up") VALUES ('fr-airbus', 'Airbus', 'fr', 'organisation', 'logos/airbus_logo.png', NULL, '');
INSERT INTO "units" ("id", "name", "country_id", "kind", "logo_source", "hero_photo_id", "write_up") VALUES ('fr-ervts-2-31-esterel', 'ERVTS 2/31 Estérel', 'fr', 'squadron', 'logos/031_EARTS_logo.png', NULL, '');
INSERT INTO "units" ("id", "name", "country_id", "kind", "logo_source", "hero_photo_id", "write_up") VALUES ('fr-escadron-de-chasse-1-4', 'Escadron de Chasse 1/4 Gascogne', 'fr', 'squadron', '', NULL, '');
INSERT INTO "units" ("id", "name", "country_id", "kind", "logo_source", "hero_photo_id", "write_up") VALUES ('fr-escadron-de-chasse-3-30-lorraine', 'Escadron de Chasse 3/30 Lorraine', 'fr', 'squadron', '', NULL, '');
INSERT INTO "units" ("id", "name", "country_id", "kind", "logo_source", "hero_photo_id", "write_up") VALUES ('in-indian-naval-air-squadrons-inas', 'Indian Naval Air Squadrons (INAS)', 'in', 'squadron', '', NULL, '');
INSERT INTO "units" ("id", "name", "country_id", "kind", "logo_source", "hero_photo_id", "write_up") VALUES ('it-14-stormo', '14° Stormo', 'it', 'squadron', '', NULL, '');
INSERT INTO "units" ("id", "name", "country_id", "kind", "logo_source", "hero_photo_id", "write_up") VALUES ('it-32-stormo', '32° Stormo', 'it', 'squadron', '', '2023-08-10-italy-f35-2', '');
INSERT INTO "units" ("id", "name", "country_id", "kind", "logo_source", "hero_photo_id", "write_up") VALUES ('it-46-brigata-aerea', '46ª Brigata Aerea', 'it', 'squadron', '', NULL, '');
INSERT INTO "units" ("id", "name", "country_id", "kind", "logo_source", "hero_photo_id", "write_up") VALUES ('it-6-stormo', '6° Stormo', 'it', 'squadron', '', '2023-08-10-italy-f35-1', '');
INSERT INTO "units" ("id", "name", "country_id", "kind", "logo_source", "hero_photo_id", "write_up") VALUES ('it-8-gruppo', '8° Gruppo', 'it', 'squadron', '', '2023-08-04-italy-kc767-3', '');
INSERT INTO "units" ("id", "name", "country_id", "kind", "logo_source", "hero_photo_id", "write_up") VALUES ('jp-1st-attack-helicopter-squadron', '1st Attack Helicopter Squadron', 'jp', 'squadron', 'logos/1stbattleheliunit.png', '2025-11-30-dsc05132', '');
INSERT INTO "units" ("id", "name", "country_id", "kind", "logo_source", "hero_photo_id", "write_up") VALUES ('jp-201st-tactical-fighter-squadron', '201st Tactical Fighter Squadron', 'jp', 'squadron', 'logos/201tfs.png', NULL, '');
INSERT INTO "units" ("id", "name", "country_id", "kind", "logo_source", "hero_photo_id", "write_up") VALUES ('jp-203rd-tactical-fighter-squadron', '203rd Tactical Fighter Squadron', 'jp', 'squadron', 'logos/203tfs.png', '2024-08-21-dsc08019-enhanced-nr', '');
INSERT INTO "units" ("id", "name", "country_id", "kind", "logo_source", "hero_photo_id", "write_up") VALUES ('jp-204th-tactical-fighter-squadron', '204th Tactical Fighter Squadron', 'jp', 'squadron', 'logos/jasdf_204.png', NULL, '');
INSERT INTO "units" ("id", "name", "country_id", "kind", "logo_source", "hero_photo_id", "write_up") VALUES ('jp-303rd-tactical-fighter-squadron', '303rd Tactical Fighter Squadron', 'jp', 'squadron', 'logos/jasdf_303.png', '2023-10-07-dsc02504-enhanced-nr', '');
INSERT INTO "units" ("id", "name", "country_id", "kind", "logo_source", "hero_photo_id", "write_up") VALUES ('jp-304th-tactical-fighter-squadron', '304th Tactical Fighter Squadron', 'jp', 'squadron', 'logos/jasdf_304.png', NULL, '');
INSERT INTO "units" ("id", "name", "country_id", "kind", "logo_source", "hero_photo_id", "write_up") VALUES ('jp-306th-tactical-fighter-squadron', '306th Tactical Fighter Squadron', 'jp', 'squadron', 'logos/jasdf_306.png', '2023-10-07-dsc02379-enhanced-nr', '');
INSERT INTO "units" ("id", "name", "country_id", "kind", "logo_source", "hero_photo_id", "write_up") VALUES ('jp-402nd-tactical-airlift-squadron', '402nd Tactical Airlift Squadron', 'jp', 'squadron', 'logos/402_logo.png', NULL, '');
INSERT INTO "units" ("id", "name", "country_id", "kind", "logo_source", "hero_photo_id", "write_up") VALUES ('jp-403rd-tactical-airlift-squadron', '403rd Tactical Airlift Squadron', 'jp', 'squadron', 'logos/403_logo.png', NULL, '');
INSERT INTO "units" ("id", "name", "country_id", "kind", "logo_source", "hero_photo_id", "write_up") VALUES ('jp-404th-tactical-airlift-tanker-squadron', '404th Tactical Airlift Tanker Squadron', 'jp', 'squadron', 'logos/404_logo.png', '2023-11-12-dsc09722-enhanced-nr', '');
INSERT INTO "units" ("id", "name", "country_id", "kind", "logo_source", "hero_photo_id", "write_up") VALUES ('jp-405th-air-refueling-squadron', '405th Air Refueling Squadron', 'jp', 'squadron', 'logos/405_logo1.png', '2025-11-30-dsc04987', '');
INSERT INTO "units" ("id", "name", "country_id", "kind", "logo_source", "hero_photo_id", "write_up") VALUES ('jp-51st-fleet-air-squadron', '51st Fleet Air Squadron', 'jp', 'squadron', '', NULL, '');
INSERT INTO "units" ("id", "name", "country_id", "kind", "logo_source", "hero_photo_id", "write_up") VALUES ('jp-602nd-squadron', '602nd Squadron', 'jp', 'squadron', 'logos/602_logo.png', NULL, '');
INSERT INTO "units" ("id", "name", "country_id", "kind", "logo_source", "hero_photo_id", "write_up") VALUES ('jp-603rd-squadron', '603rd Squadron', 'jp', 'squadron', 'logos/603_logo.png', '2025-12-11-dsc04372', '');
INSERT INTO "units" ("id", "name", "country_id", "kind", "logo_source", "hero_photo_id", "write_up") VALUES ('jp-6th-tactical-fighter-squadron', '6th Tactical Fighter Squadron', 'jp', 'squadron', 'logos/jasdf_6.png', '2023-11-26-dsc04506-enhanced-nr', '');
INSERT INTO "units" ("id", "name", "country_id", "kind", "logo_source", "hero_photo_id", "write_up") VALUES ('jp-701st-squadron-special-airlift-group', '701st Squadron, Special Airlift Group', 'jp', 'squadron', 'logos/701_sqn_logo.png', '2024-08-22-dsc00442-enhanced-nr', '');
INSERT INTO "units" ("id", "name", "country_id", "kind", "logo_source", "hero_photo_id", "write_up") VALUES ('jp-81st-air-group', '81st Air Group', 'jp', 'squadron', '', '2023-10-01-dsc07893-enhanced-nr', '');
INSERT INTO "units" ("id", "name", "country_id", "kind", "logo_source", "hero_photo_id", "write_up") VALUES ('jp-8th-tactical-fighter-squadron', '8th Tactical Fighter Squadron', 'jp', 'squadron', 'logos/jasdf_8.png', '2023-11-26-dsc04557-enhanced-nr', '');
INSERT INTO "units" ("id", "name", "country_id", "kind", "logo_source", "hero_photo_id", "write_up") VALUES ('jp-air-development-and-test-wing', 'Air Development and Test Wing', 'jp', 'squadron', 'logos/jasdf_adtw.png', '2023-11-12-dsc00962-enhanced-nr', '');
INSERT INTO "units" ("id", "name", "country_id", "kind", "logo_source", "hero_photo_id", "write_up") VALUES ('jp-air-patrol-squadron-1', 'Air Patrol Squadron 1', 'jp', 'squadron', '', NULL, '');
INSERT INTO "units" ("id", "name", "country_id", "kind", "logo_source", "hero_photo_id", "write_up") VALUES ('jp-air-patrol-squadron-3', 'Air Patrol Squadron 3', 'jp', 'squadron', '', '2023-09-09-p1-1', '');
INSERT INTO "units" ("id", "name", "country_id", "kind", "logo_source", "hero_photo_id", "write_up") VALUES ('jp-air-rescue-squadron-71-ars-71', 'Air Rescue Squadron 71 (ARS-71)', 'jp', 'squadron', '', '2023-11-26-dsc06396-enhanced-nr', '');
INSERT INTO "units" ("id", "name", "country_id", "kind", "logo_source", "hero_photo_id", "write_up") VALUES ('jp-air-rescue-wing', 'Air Rescue Wing', 'jp', 'squadron', 'logos/jasdf_air_rescue_wing.png', '2023-11-26-dsc05672-enhanced-nr-1', '');
INSERT INTO "units" ("id", "name", "country_id", "kind", "logo_source", "hero_photo_id", "write_up") VALUES ('jp-air-transport-squadron-61', 'Air Transport Squadron 61', 'jp', 'squadron', '', '2023-09-09-jmsdf-c130-2', '');
INSERT INTO "units" ("id", "name", "country_id", "kind", "logo_source", "hero_photo_id", "write_up") VALUES ('jp-blue-impulse', 'Blue Impulse', 'jp', 'squadron', 'logos/BlueImpulseMark.png', '2025-11-29-dsc02296', '');
INSERT INTO "units" ("id", "name", "country_id", "kind", "logo_source", "hero_photo_id", "write_up") VALUES ('jp-electronic-warfare-squadron', 'Electronic Warfare Squadron', 'jp', 'squadron', 'logos/jasdf_ew_sqn.png', '2026-04-08-681203', '');
INSERT INTO "units" ("id", "name", "country_id", "kind", "logo_source", "hero_photo_id", "write_up") VALUES ('jp-new-central-air-service', 'New Central Air Service', 'jp', 'organisation', '', NULL, '');
INSERT INTO "units" ("id", "name", "country_id", "kind", "logo_source", "hero_photo_id", "write_up") VALUES ('jp-starflyer', 'Starflyer', 'jp', 'organisation', 'logos/StarFlyer_logo.png', NULL, '');
INSERT INTO "units" ("id", "name", "country_id", "kind", "logo_source", "hero_photo_id", "write_up") VALUES ('jp-tactical-fighter-training-group', 'Tactical Fighter Training Group', 'jp', 'squadron', 'logos/aggressor_logo.png', '2023-10-07-dsc02632-enhanced-nr', '');
INSERT INTO "units" ("id", "name", "country_id", "kind", "logo_source", "hero_photo_id", "write_up") VALUES ('jp-vx-51', 'Air Development Squadron 51 (VX-51)', 'jp', 'squadron', '', '2023-09-09-up3c-2', '');
INSERT INTO "units" ("id", "name", "country_id", "kind", "logo_source", "hero_photo_id", "write_up") VALUES ('kr-black-eagles', 'Black Eagles', 'kr', 'squadron', '', '2024-02-18-dsc05211-enhanced-nr', '');
INSERT INTO "units" ("id", "name", "country_id", "kind", "logo_source", "hero_photo_id", "write_up") VALUES ('my-firefly', 'Firefly', 'my', 'organisation', 'logos/firefly_logo.png', NULL, '');
INSERT INTO "units" ("id", "name", "country_id", "kind", "logo_source", "hero_photo_id", "write_up") VALUES ('my-malaysian-airlines', 'Malaysia Airlines', 'my', 'organisation', '', NULL, '');
INSERT INTO "units" ("id", "name", "country_id", "kind", "logo_source", "hero_photo_id", "write_up") VALUES ('nz-no-5-squadron', 'No. 5 Squadron', 'nz', 'squadron', '', NULL, '');
INSERT INTO "units" ("id", "name", "country_id", "kind", "logo_source", "hero_photo_id", "write_up") VALUES ('sg-111-squadron', '111 Squadron', 'sg', 'squadron', '', '2023-05-23-dsc09899-enhanced-nr', '');
INSERT INTO "units" ("id", "name", "country_id", "kind", "logo_source", "hero_photo_id", "write_up") VALUES ('sg-112-squadron', '112 Squadron', 'sg', 'squadron', 'logos/112_sqn.png', '2023-08-29-dsc05206-enhanced-nr', '');
INSERT INTO "units" ("id", "name", "country_id", "kind", "logo_source", "hero_photo_id", "write_up") VALUES ('sg-120-squadron', '120 Squadron', 'sg', 'squadron', 'logos/rsaf_120.png', NULL, '');
INSERT INTO "units" ("id", "name", "country_id", "kind", "logo_source", "hero_photo_id", "write_up") VALUES ('sg-121-squadron', '121 Squadron', 'sg', 'squadron', '', '2023-07-17-dsc07416-enhanced-nr', '');
INSERT INTO "units" ("id", "name", "country_id", "kind", "logo_source", "hero_photo_id", "write_up") VALUES ('sg-142-squadron', '142 Squadron', 'sg', 'squadron', '', '2023-05-24-dsc00741-enhanced-nr', '');
INSERT INTO "units" ("id", "name", "country_id", "kind", "logo_source", "hero_photo_id", "write_up") VALUES ('sg-149-squadron', '149 Squadron', 'sg', 'squadron', '', '2023-07-29-dsc08780-enhanced-nr', '');
INSERT INTO "units" ("id", "name", "country_id", "kind", "logo_source", "hero_photo_id", "write_up") VALUES ('th-103rd-fighter-squadron', '103rd Fighter Squadron', 'th', 'squadron', '', '2026-01-10-dsc04848', '');
INSERT INTO "units" ("id", "name", "country_id", "kind", "logo_source", "hero_photo_id", "write_up") VALUES ('th-403rd-fighter-squadron', '403rd Fighter Squadron', 'th', 'squadron', '', NULL, '');
INSERT INTO "units" ("id", "name", "country_id", "kind", "logo_source", "hero_photo_id", "write_up") VALUES ('th-411st-fighter-squadron', '411st Fighter Squadron', 'th', 'squadron', '', NULL, '');
INSERT INTO "units" ("id", "name", "country_id", "kind", "logo_source", "hero_photo_id", "write_up") VALUES ('th-701st-squadron', '701st Fighter Squadron', 'th', 'squadron', '', '2026-01-10-dsc05401', '');
INSERT INTO "units" ("id", "name", "country_id", "kind", "logo_source", "hero_photo_id", "write_up") VALUES ('us-1st-airborne-command-control-squadron', '1st Airborne Command Control Squadron', 'us', 'squadron', 'logos/1st_Command_&_Control_Squadron.png', '2024-06-05-dsc04786-enhanced-nr', '');
INSERT INTO "units" ("id", "name", "country_id", "kind", "logo_source", "hero_photo_id", "write_up") VALUES ('us-23rd-bomb-squadron', '23rd Bomb Squadron', 'us', 'squadron', '', NULL, '');
INSERT INTO "units" ("id", "name", "country_id", "kind", "logo_source", "hero_photo_id", "write_up") VALUES ('us-355th-fighter-squadron', '355th Fighter Squadron', 'us', 'squadron', '', NULL, '');
INSERT INTO "units" ("id", "name", "country_id", "kind", "logo_source", "hero_photo_id", "write_up") VALUES ('us-356th-fighter-squadron', '356th Fighter Squadron', 'us', 'squadron', '', NULL, '');
INSERT INTO "units" ("id", "name", "country_id", "kind", "logo_source", "hero_photo_id", "write_up") VALUES ('us-36th-airlift-squadron', '36th Airlift Squadron', 'us', 'squadron', '', '2023-11-29-dsc09870-enhanced-nr', '');
INSERT INTO "units" ("id", "name", "country_id", "kind", "logo_source", "hero_photo_id", "write_up") VALUES ('us-459th-airlift-squadron', '459th Airlift Squadron', 'us', 'squadron', 'logos/459th_Airlift_Squadron_logo.png', '2023-09-18-usaf-huey-3', '');
INSERT INTO "units" ("id", "name", "country_id", "kind", "logo_source", "hero_photo_id", "write_up") VALUES ('us-89th-airlift-wing', '89th Airlift Wing', 'us', 'squadron', '', NULL, '');
INSERT INTO "units" ("id", "name", "country_id", "kind", "logo_source", "hero_photo_id", "write_up") VALUES ('us-961st-airborne-air-control-squadron', '961st Airborne Air Control Squadron', 'us', 'squadron', 'logos/usaf_961_ronin.png', NULL, '');
INSERT INTO "units" ("id", "name", "country_id", "kind", "logo_source", "hero_photo_id", "write_up") VALUES ('us-hmh-464-heavy-helicopter-squadron', 'Heavy Helicopter Squadron 464 (HMH-464)', 'us', 'squadron', '', NULL, '');
INSERT INTO "units" ("id", "name", "country_id", "kind", "logo_source", "hero_photo_id", "write_up") VALUES ('us-honeywell', 'Honeywell', 'us', 'organisation', 'logos/honeywell-aerospace-logo.png', NULL, '');
INSERT INTO "units" ("id", "name", "country_id", "kind", "logo_source", "hero_photo_id", "write_up") VALUES ('us-hsm-51', 'Helicopter Maritime Strike Squadron 51 (HSM-51)', 'us', 'squadron', '', '2023-09-23-usn-seahawk-1', '');
INSERT INTO "units" ("id", "name", "country_id", "kind", "logo_source", "hero_photo_id", "write_up") VALUES ('us-kalitta-air', 'Kalitta Air', 'us', 'organisation', 'logos/Kalitta_Air_Logo.png', NULL, '');
INSERT INTO "units" ("id", "name", "country_id", "kind", "logo_source", "hero_photo_id", "write_up") VALUES ('us-marine-light-attack-helicopter-squadron-169-hmla-169', 'Marine Light Attack Helicopter Squadron 169 (HMLA-169)', 'us', 'squadron', '', NULL, '');
INSERT INTO "units" ("id", "name", "country_id", "kind", "logo_source", "hero_photo_id", "write_up") VALUES ('us-metrea', 'Metrea', 'us', 'organisation', '', NULL, '');
INSERT INTO "units" ("id", "name", "country_id", "kind", "logo_source", "hero_photo_id", "write_up") VALUES ('us-usaf-special-operations-command', 'USAF Special Operations Command', 'us', 'squadron', '', NULL, '');
INSERT INTO "units" ("id", "name", "country_id", "kind", "logo_source", "hero_photo_id", "write_up") VALUES ('us-usmc-operational-support-airlift', 'USMC Operational Support Airlift', 'us', 'squadron', '', '2023-09-23-dsc02445-enhanced-nr', '');
INSERT INTO "units" ("id", "name", "country_id", "kind", "logo_source", "hero_photo_id", "write_up") VALUES ('us-vr-51', 'Fleet Logistics Support Squadron 51 (VR-51)', 'us', 'squadron', '', '2023-09-23-usn-clipper-2', '');
INSERT INTO "units" ("id", "name", "country_id", "kind", "logo_source", "hero_photo_id", "write_up") VALUES ('us-vr-57', 'Fleet Logistics Support Squadron 57 (VR-57)', 'us', 'squadron', '', NULL, '');
INSERT INTO "units" ("id", "name", "country_id", "kind", "logo_source", "hero_photo_id", "write_up") VALUES ('us-vrc-30', 'Fleet Logistics Support Squadron 30 (VRC-30)', 'us', 'squadron', 'logos/vrc_30.png', NULL, '');
INSERT INTO "units" ("id", "name", "country_id", "kind", "logo_source", "hero_photo_id", "write_up") VALUES ('us-vrc-40', 'Fleet Logistics Support Squadron 40 (VRC-40)', 'us', 'squadron', 'logos/vrc_40.png', NULL, '');

INSERT INTO "locations" ("id", "name", "country_id", "icao", "latitude", "longitude", "enabled", "hero_photo_id", "write_up") VALUES ('hk-hong-kong-international-airport', 'Hong Kong International Airport', 'hk', 'VHHH', 22.3089, 113.92, 1, '2025-04-17-n742ck', '');
INSERT INTO "locations" ("id", "name", "country_id", "icao", "latitude", "longitude", "enabled", "hero_photo_id", "write_up") VALUES ('jp-atsugi-air-base', 'Atsugi Air Base', 'jp', 'RJTA', 35.4547, 139.45, 1, '2023-09-09-up3c-1', '');
INSERT INTO "locations" ("id", "name", "country_id", "icao", "latitude", "longitude", "enabled", "hero_photo_id", "write_up") VALUES ('jp-chitose-air-base', 'Chitose Air Base', 'jp', 'RJCJ', 42.7945, 141.6664, 1, '2024-08-21-dsc05932-enhanced-nr', '');
INSERT INTO "locations" ("id", "name", "country_id", "icao", "latitude", "longitude", "enabled", "hero_photo_id", "write_up") VALUES ('jp-chofu-airport', 'Chofu Airport', 'jp', 'RJTF', 35.6717, 139.528, 1, '2023-09-16-dsc08683-enhanced-nr', '');
INSERT INTO "locations" ("id", "name", "country_id", "icao", "latitude", "longitude", "enabled", "hero_photo_id", "write_up") VALUES ('jp-gifu-air-base', 'Gifu Air Base', 'jp', 'RJNG', 35.3939, 136.87, 1, '2023-11-12-dsc00962-enhanced-nr', '');
INSERT INTO "locations" ("id", "name", "country_id", "icao", "latitude", "longitude", "enabled", "hero_photo_id", "write_up") VALUES ('jp-hamamatsu-air-base', 'Hamamatsu Air Base', 'jp', 'RJNH', 34.7503, 137.7031, 1, NULL, '');
INSERT INTO "locations" ("id", "name", "country_id", "icao", "latitude", "longitude", "enabled", "hero_photo_id", "write_up") VALUES ('jp-haneda-airport', 'Haneda Airport', 'jp', 'RJTT', 35.5523, 139.78, 1, '2023-09-11-dsc07323-enhanced-nr', '');
INSERT INTO "locations" ("id", "name", "country_id", "icao", "latitude", "longitude", "enabled", "hero_photo_id", "write_up") VALUES ('jp-iruma-air-base', 'Iruma Air Base', 'jp', 'RJTJ', 35.8419, 139.411, 1, NULL, '');
INSERT INTO "locations" ("id", "name", "country_id", "icao", "latitude", "longitude", "enabled", "hero_photo_id", "write_up") VALUES ('jp-kadena-air-base', 'Kadena Air Base', 'jp', 'RODN', 26.3556, 127.768, 1, NULL, '');
INSERT INTO "locations" ("id", "name", "country_id", "icao", "latitude", "longitude", "enabled", "hero_photo_id", "write_up") VALUES ('jp-kisarazu-airfield', 'Kisarazu Airfield', 'jp', 'RJTK', 35.3983, 139.91, 1, '2023-10-01-dsc09035-enhanced-nr', '');
INSERT INTO "locations" ("id", "name", "country_id", "icao", "latitude", "longitude", "enabled", "hero_photo_id", "write_up") VALUES ('jp-kitakyushu-airport', 'Kitakyushu Airport', 'jp', 'RJFR', 33.8459, 131.035, 1, '2023-11-27-dsc07789-enhanced-nr', '');
INSERT INTO "locations" ("id", "name", "country_id", "icao", "latitude", "longitude", "enabled", "hero_photo_id", "write_up") VALUES ('jp-komaki-air-base', 'Komaki Air Base', 'jp', 'RJNA', 35.255, 136.9244, 1, NULL, '');
INSERT INTO "locations" ("id", "name", "country_id", "icao", "latitude", "longitude", "enabled", "hero_photo_id", "write_up") VALUES ('jp-komatsu-air-base', 'Komatsu Air Base', 'jp', 'RJNK', 36.3933, 136.4067, 1, '2023-10-06-dsc01185-enhanced-nr', '');
INSERT INTO "locations" ("id", "name", "country_id", "icao", "latitude", "longitude", "enabled", "hero_photo_id", "write_up") VALUES ('jp-mcas-futenma', 'Futenma Air Base', 'jp', 'ROTM', 26.2743, 127.756, 1, '2025-12-12-dsc00703', '');
INSERT INTO "locations" ("id", "name", "country_id", "icao", "latitude", "longitude", "enabled", "hero_photo_id", "write_up") VALUES ('jp-naha-air-base', 'Naha Air Base', 'jp', 'ROAH', 26.1958, 127.6458, 1, '2025-12-12-128925', '');
INSERT INTO "locations" ("id", "name", "country_id", "icao", "latitude", "longitude", "enabled", "hero_photo_id", "write_up") VALUES ('jp-narita-international-airport', 'Narita International Airport', 'jp', 'RJAA', 35.7719, 140.3875, 1, NULL, '');
INSERT INTO "locations" ("id", "name", "country_id", "icao", "latitude", "longitude", "enabled", "hero_photo_id", "write_up") VALUES ('jp-okadama-airport', 'Okadama Airport', 'jp', 'RJCO', 43.1175, 141.3814, 1, '2024-08-19-dsc04369-enhanced-nr', '');
INSERT INTO "locations" ("id", "name", "country_id", "icao", "latitude", "longitude", "enabled", "hero_photo_id", "write_up") VALUES ('jp-tsuiki-air-base', 'Tsuiki Air Base', 'jp', 'RJFZ', 33.685, 131.04, 1, '2023-11-26-dsc06176-enhanced-nr', '');
INSERT INTO "locations" ("id", "name", "country_id", "icao", "latitude", "longitude", "enabled", "hero_photo_id", "write_up") VALUES ('jp-yokota-air-base', 'Yokota Air Base', 'jp', 'RJTY', 35.7485, 139.348, 1, '2023-11-29-dsc09870-enhanced-nr', '');
INSERT INTO "locations" ("id", "name", "country_id", "icao", "latitude", "longitude", "enabled", "hero_photo_id", "write_up") VALUES ('my-kuala-lumpur-international-airport', 'Kuala Lumpur International Airport', 'my', 'WMKK', 2.7456, 101.71, 1, '2025-02-03-dsc01763-enhanced-nr', '');
INSERT INTO "locations" ("id", "name", "country_id", "icao", "latitude", "longitude", "enabled", "hero_photo_id", "write_up") VALUES ('my-penang-international-airport', 'Penang International Airport', 'my', 'WMKP', 5.2963, 100.2762, 1, '2024-12-25-dsc01147-enhanced-nr', '');
INSERT INTO "locations" ("id", "name", "country_id", "icao", "latitude", "longitude", "enabled", "hero_photo_id", "write_up") VALUES ('sg-changi-airport', 'Changi Airport', 'sg', 'WSSS', 1.3502, 103.994, 1, NULL, '');
INSERT INTO "locations" ("id", "name", "country_id", "icao", "latitude", "longitude", "enabled", "hero_photo_id", "write_up") VALUES ('sg-changi-exhibition-centre', 'Changi Exhibition Center', 'sg', 'CEC', 1.3631, 104.0229, 1, '2026-02-03-rsaf-apache-flare', '');
INSERT INTO "locations" ("id", "name", "country_id", "icao", "latitude", "longitude", "enabled", "hero_photo_id", "write_up") VALUES ('sg-seletar-airport', 'Seletar Airport', 'sg', 'WSSL', 1.4172, 103.8678, 1, NULL, '');
INSERT INTO "locations" ("id", "name", "country_id", "icao", "latitude", "longitude", "enabled", "hero_photo_id", "write_up") VALUES ('sg-singapore', 'Singapore', 'sg', 'SG', 1.3521, 103.8198, 1, '2024-06-22-dsc02893-enhanced-nr', '');
INSERT INTO "locations" ("id", "name", "country_id", "icao", "latitude", "longitude", "enabled", "hero_photo_id", "write_up") VALUES ('th-don-muang-royal-thai-air-force-base', 'Don Muang Royal Thai Air Force Base', 'th', 'VTBD', 13.9126, 100.607, 1, '2026-01-10-dsc05725', '');
INSERT INTO "locations" ("id", "name", "country_id", "icao", "latitude", "longitude", "enabled", "hero_photo_id", "write_up") VALUES ('vn-tan-son-nhat-international-airport', 'Tan Son Nhat International Airport', 'vn', 'VVTS', 10.8189, 106.6519, 1, '2025-08-18-dsc00026', '');

INSERT INTO "events" ("id", "name", "starts_on", "ends_on", "hero_photo_id", "write_up") VALUES ('jp-chitose-air-show-2024-rehearsal', 'Chitose Air Show 2024 (Rehearsal)', '2024-08-21', '2024-08-21', '2024-08-21-dsc08019-enhanced-nr', '');
INSERT INTO "events" ("id", "name", "starts_on", "ends_on", "hero_photo_id", "write_up") VALUES ('jp-gifu-air-show-2023', 'Gifu Air Show 2023', '2023-11-11', '2023-11-12', '2023-11-12-dsc01224-enhanced-nr', '');
INSERT INTO "events" ("id", "name", "starts_on", "ends_on", "hero_photo_id", "write_up") VALUES ('jp-hamamatsu-air-show-2023', 'Hamamatsu Air Show 2023', '2023-10-29', '2023-10-29', NULL, '');
INSERT INTO "events" ("id", "name", "starts_on", "ends_on", "hero_photo_id", "write_up") VALUES ('jp-kisarazu-air-show-2023', 'Kisarazu Air Show 2023', '2023-10-01', '2023-10-01', '2023-10-01-dsc09035-enhanced-nr', '');
INSERT INTO "events" ("id", "name", "starts_on", "ends_on", "hero_photo_id", "write_up") VALUES ('jp-komatsu-air-show-2023', 'Komatsu Air Show 2023', '2023-10-06', '2023-10-07', '2023-10-06-dsc00151-enhanced-nr', '');
INSERT INTO "events" ("id", "name", "starts_on", "ends_on", "hero_photo_id", "write_up") VALUES ('jp-tsuiki-air-show-2023', 'Tsuiki Air Show 2023', '2023-11-26', '2023-11-26', '2023-11-26-dsc04647-enhanced-nr', '');
INSERT INTO "events" ("id", "name", "starts_on", "ends_on", "hero_photo_id", "write_up") VALUES ('jp-tsuiki-air-show-2025', 'Tsuiki Air Show 2025', '2025-11-29', '2025-11-30', '2025-11-30-trio-jasdf-8tfs', '');
INSERT INTO "events" ("id", "name", "starts_on", "ends_on", "hero_photo_id", "write_up") VALUES ('sg-ndp-2023', 'NDP 2023', '2023-06-10', '2023-08-09', '2023-08-09-dsc02325-enhanced-nr2', '');
INSERT INTO "events" ("id", "name", "starts_on", "ends_on", "hero_photo_id", "write_up") VALUES ('sg-ndp-2024', 'NDP 2024', '2024-06-22', '2024-06-22', NULL, '');
INSERT INTO "events" ("id", "name", "starts_on", "ends_on", "hero_photo_id", "write_up") VALUES ('sg-singapore-airshow-2024', 'Singapore Airshow 2024', '2024-02-13', '2024-02-22', '2024-02-22-dsc06214-enhanced-nr', '');
INSERT INTO "events" ("id", "name", "starts_on", "ends_on", "hero_photo_id", "write_up") VALUES ('sg-singapore-airshow-2026', 'Singapore Airshow 2026', '2026-01-31', '2026-02-03', '2026-02-03-rsaf-apache-flare', '');
INSERT INTO "events" ("id", "name", "starts_on", "ends_on", "hero_photo_id", "write_up") VALUES ('th-wan-dek-2026', 'Wan Dek 2026', '2026-01-10', '2026-01-10', '2026-01-10-dsc05351', '');

INSERT INTO "aircraft_units" ("aircraft_id", "unit_id") VALUES ('airbus-a300-600st', 'fr-airbus');
INSERT INTO "aircraft_units" ("aircraft_id", "unit_id") VALUES ('airbus-a320-200', 'jp-starflyer');
INSERT INTO "aircraft_units" ("aircraft_id", "unit_id") VALUES ('airbus-a330-200', 'fr-ervts-2-31-esterel');
INSERT INTO "aircraft_units" ("aircraft_id", "unit_id") VALUES ('airbus-a330-mrtt', 'fr-ervts-2-31-esterel');
INSERT INTO "aircraft_units" ("aircraft_id", "unit_id") VALUES ('airbus-a330-mrtt', 'sg-112-squadron');
INSERT INTO "aircraft_units" ("aircraft_id", "unit_id") VALUES ('atr-72-500', 'my-firefly');
INSERT INTO "aircraft_units" ("aircraft_id", "unit_id") VALUES ('b-52h-stratofortress', 'us-23rd-bomb-squadron');
INSERT INTO "aircraft_units" ("aircraft_id", "unit_id") VALUES ('beechcraft-at-6th-wolverine', 'th-411st-fighter-squadron');
INSERT INTO "aircraft_units" ("aircraft_id", "unit_id") VALUES ('bell-uh-1-iroquois', 'us-459th-airlift-squadron');
INSERT INTO "aircraft_units" ("aircraft_id", "unit_id") VALUES ('bell-uh-1y-venom', 'us-marine-light-attack-helicopter-squadron-169-hmla-169');
INSERT INTO "aircraft_units" ("aircraft_id", "unit_id") VALUES ('boeing-727', 'bm-malibu-consulting-corp');
INSERT INTO "aircraft_units" ("aircraft_id", "unit_id") VALUES ('boeing-737-800', 'my-malaysian-airlines');
INSERT INTO "aircraft_units" ("aircraft_id", "unit_id") VALUES ('boeing-747-400-f', 'us-kalitta-air');
INSERT INTO "aircraft_units" ("aircraft_id", "unit_id") VALUES ('boeing-757', 'us-honeywell');
INSERT INTO "aircraft_units" ("aircraft_id", "unit_id") VALUES ('boeing-777-300er', 'jp-701st-squadron-special-airlift-group');
INSERT INTO "aircraft_units" ("aircraft_id", "unit_id") VALUES ('boeing-ah-64d-apache-longbow', 'sg-120-squadron');
INSERT INTO "aircraft_units" ("aircraft_id", "unit_id") VALUES ('boeing-ah-64djp-apache', 'jp-1st-attack-helicopter-squadron');
INSERT INTO "aircraft_units" ("aircraft_id", "unit_id") VALUES ('boeing-c-17-globemaster-iii', 'au-36-squadron');
INSERT INTO "aircraft_units" ("aircraft_id", "unit_id") VALUES ('boeing-c-40a-clipper', 'us-vr-51');
INSERT INTO "aircraft_units" ("aircraft_id", "unit_id") VALUES ('boeing-c-40a-clipper', 'us-vr-57');
INSERT INTO "aircraft_units" ("aircraft_id", "unit_id") VALUES ('boeing-e-3g-sentry', 'us-961st-airborne-air-control-squadron');
INSERT INTO "aircraft_units" ("aircraft_id", "unit_id") VALUES ('boeing-e-4b-nightwatch', 'us-1st-airborne-command-control-squadron');
INSERT INTO "aircraft_units" ("aircraft_id", "unit_id") VALUES ('boeing-e-767', 'jp-602nd-squadron');
INSERT INTO "aircraft_units" ("aircraft_id", "unit_id") VALUES ('boeing-e-7a-wedgetail', 'au-no-2-squadron');
INSERT INTO "aircraft_units" ("aircraft_id", "unit_id") VALUES ('boeing-f-15sg-strike-eagle', 'sg-142-squadron');
INSERT INTO "aircraft_units" ("aircraft_id", "unit_id") VALUES ('boeing-f-15sg-strike-eagle', 'sg-149-squadron');
INSERT INTO "aircraft_units" ("aircraft_id", "unit_id") VALUES ('boeing-kc-135-stratotanker', 'us-metrea');
INSERT INTO "aircraft_units" ("aircraft_id", "unit_id") VALUES ('boeing-kc-46-pegasus', 'jp-405th-air-refueling-squadron');
INSERT INTO "aircraft_units" ("aircraft_id", "unit_id") VALUES ('boeing-kc-767', 'it-8-gruppo');
INSERT INTO "aircraft_units" ("aircraft_id", "unit_id") VALUES ('boeing-kc-767j', 'jp-404th-tactical-airlift-tanker-squadron');
INSERT INTO "aircraft_units" ("aircraft_id", "unit_id") VALUES ('cessna-uc-35-citation', 'us-usmc-operational-support-airlift');
INSERT INTO "aircraft_units" ("aircraft_id", "unit_id") VALUES ('comac-c919', 'china-comac');
INSERT INTO "aircraft_units" ("aircraft_id", "unit_id") VALUES ('dassault-rafale-b', 'fr-escadron-de-chasse-1-4');
INSERT INTO "aircraft_units" ("aircraft_id", "unit_id") VALUES ('dassault-rafale-c', 'fr-escadron-de-chasse-3-30-lorraine');
INSERT INTO "aircraft_units" ("aircraft_id", "unit_id") VALUES ('dornier-228', 'in-indian-naval-air-squadrons-inas');
INSERT INTO "aircraft_units" ("aircraft_id", "unit_id") VALUES ('dornier-228', 'jp-new-central-air-service');
INSERT INTO "aircraft_units" ("aircraft_id", "unit_id") VALUES ('dornier-c-146a-wolfhound', 'us-usaf-special-operations-command');
INSERT INTO "aircraft_units" ("aircraft_id", "unit_id") VALUES ('fokker-50-mpa', 'sg-121-squadron');
INSERT INTO "aircraft_units" ("aircraft_id", "unit_id") VALUES ('fokker-50-uta', 'sg-121-squadron');
INSERT INTO "aircraft_units" ("aircraft_id", "unit_id") VALUES ('general-dynamics-f-16a', 'th-103rd-fighter-squadron');
INSERT INTO "aircraft_units" ("aircraft_id", "unit_id") VALUES ('general-dynamics-f-16b', 'th-403rd-fighter-squadron');
INSERT INTO "aircraft_units" ("aircraft_id", "unit_id") VALUES ('grumman-c-2a-greyhound', 'us-vrc-30');
INSERT INTO "aircraft_units" ("aircraft_id", "unit_id") VALUES ('grumman-c-2a-greyhound', 'us-vrc-40');
INSERT INTO "aircraft_units" ("aircraft_id", "unit_id") VALUES ('grumman-e-2d-hawkeye', 'jp-603rd-squadron');
INSERT INTO "aircraft_units" ("aircraft_id", "unit_id") VALUES ('gulfstream-c-37b', 'us-89th-airlift-wing');
INSERT INTO "aircraft_units" ("aircraft_id", "unit_id") VALUES ('gulfstream-g550-caew', 'it-14-stormo');
INSERT INTO "aircraft_units" ("aircraft_id", "unit_id") VALUES ('gulfstream-g550-caew', 'sg-111-squadron');
INSERT INTO "aircraft_units" ("aircraft_id", "unit_id") VALUES ('hawker-u-125a', 'jp-air-rescue-wing');
INSERT INTO "aircraft_units" ("aircraft_id", "unit_id") VALUES ('kai-t-50b-golden-eagle', 'kr-black-eagles');
INSERT INTO "aircraft_units" ("aircraft_id", "unit_id") VALUES ('kawasaki-c-2', 'jp-402nd-tactical-airlift-squadron');
INSERT INTO "aircraft_units" ("aircraft_id", "unit_id") VALUES ('kawasaki-c-2', 'jp-403rd-tactical-airlift-squadron');
INSERT INTO "aircraft_units" ("aircraft_id", "unit_id") VALUES ('kawasaki-c-2', 'jp-air-development-and-test-wing');
INSERT INTO "aircraft_units" ("aircraft_id", "unit_id") VALUES ('kawasaki-ec-2', 'jp-electronic-warfare-squadron');
INSERT INTO "aircraft_units" ("aircraft_id", "unit_id") VALUES ('kawasaki-oh-1-ninja', 'jp-1st-attack-helicopter-squadron');
INSERT INTO "aircraft_units" ("aircraft_id", "unit_id") VALUES ('kawasaki-p-1', 'jp-air-patrol-squadron-1');
INSERT INTO "aircraft_units" ("aircraft_id", "unit_id") VALUES ('kawasaki-p-1', 'jp-air-patrol-squadron-3');
INSERT INTO "aircraft_units" ("aircraft_id", "unit_id") VALUES ('kawasaki-rc-2', 'jp-electronic-warfare-squadron');
INSERT INTO "aircraft_units" ("aircraft_id", "unit_id") VALUES ('kawasaki-t-4', 'jp-8th-tactical-fighter-squadron');
INSERT INTO "aircraft_units" ("aircraft_id", "unit_id") VALUES ('kawasaki-t-4', 'jp-air-development-and-test-wing');
INSERT INTO "aircraft_units" ("aircraft_id", "unit_id") VALUES ('kawasaki-t-4', 'jp-blue-impulse');
INSERT INTO "aircraft_units" ("aircraft_id", "unit_id") VALUES ('kawasaki-up-1', 'jp-vx-51');
INSERT INTO "aircraft_units" ("aircraft_id", "unit_id") VALUES ('kawasaki-up-3c-orion', 'jp-vx-51');
INSERT INTO "aircraft_units" ("aircraft_id", "unit_id") VALUES ('kawasaki-up-3d', 'jp-51st-fleet-air-squadron');
INSERT INTO "aircraft_units" ("aircraft_id", "unit_id") VALUES ('learjet-u-36a', 'jp-81st-air-group');
INSERT INTO "aircraft_units" ("aircraft_id", "unit_id") VALUES ('lockheed-c-130j-super-hercules', 'us-36th-airlift-squadron');
INSERT INTO "aircraft_units" ("aircraft_id", "unit_id") VALUES ('lockheed-c-130r', 'jp-air-transport-squadron-61');
INSERT INTO "aircraft_units" ("aircraft_id", "unit_id") VALUES ('lockheed-kc-130j-hercules', 'it-46-brigata-aerea');
INSERT INTO "aircraft_units" ("aircraft_id", "unit_id") VALUES ('lockheed-martin-f-35a-lightning-ii', 'au-75-squadron');
INSERT INTO "aircraft_units" ("aircraft_id", "unit_id") VALUES ('lockheed-martin-f-35a-lightning-ii', 'it-32-stormo');
INSERT INTO "aircraft_units" ("aircraft_id", "unit_id") VALUES ('lockheed-martin-f-35a-lightning-ii', 'it-6-stormo');
INSERT INTO "aircraft_units" ("aircraft_id", "unit_id") VALUES ('lockheed-martin-f-35a-lightning-ii', 'us-355th-fighter-squadron');
INSERT INTO "aircraft_units" ("aircraft_id", "unit_id") VALUES ('lockheed-martin-f-35a-lightning-ii', 'us-356th-fighter-squadron');
INSERT INTO "aircraft_units" ("aircraft_id", "unit_id") VALUES ('lockheed-p-3k2-orion', 'nz-no-5-squadron');
INSERT INTO "aircraft_units" ("aircraft_id", "unit_id") VALUES ('mitsubishi-f-15dj-eagle', 'jp-tactical-fighter-training-group');
INSERT INTO "aircraft_units" ("aircraft_id", "unit_id") VALUES ('mitsubishi-f-15j-eagle', 'jp-201st-tactical-fighter-squadron');
INSERT INTO "aircraft_units" ("aircraft_id", "unit_id") VALUES ('mitsubishi-f-15j-eagle', 'jp-203rd-tactical-fighter-squadron');
INSERT INTO "aircraft_units" ("aircraft_id", "unit_id") VALUES ('mitsubishi-f-15j-eagle', 'jp-204th-tactical-fighter-squadron');
INSERT INTO "aircraft_units" ("aircraft_id", "unit_id") VALUES ('mitsubishi-f-15j-eagle', 'jp-303rd-tactical-fighter-squadron');
INSERT INTO "aircraft_units" ("aircraft_id", "unit_id") VALUES ('mitsubishi-f-15j-eagle', 'jp-304th-tactical-fighter-squadron');
INSERT INTO "aircraft_units" ("aircraft_id", "unit_id") VALUES ('mitsubishi-f-15j-eagle', 'jp-306th-tactical-fighter-squadron');
INSERT INTO "aircraft_units" ("aircraft_id", "unit_id") VALUES ('mitsubishi-f-15j-eagle', 'jp-air-development-and-test-wing');
INSERT INTO "aircraft_units" ("aircraft_id", "unit_id") VALUES ('mitsubishi-f-2a', 'jp-6th-tactical-fighter-squadron');
INSERT INTO "aircraft_units" ("aircraft_id", "unit_id") VALUES ('mitsubishi-f-2a', 'jp-8th-tactical-fighter-squadron');
INSERT INTO "aircraft_units" ("aircraft_id", "unit_id") VALUES ('mitsubishi-f-2a', 'jp-air-development-and-test-wing');
INSERT INTO "aircraft_units" ("aircraft_id", "unit_id") VALUES ('mitsubishi-f-2b', 'jp-air-development-and-test-wing');
INSERT INTO "aircraft_units" ("aircraft_id", "unit_id") VALUES ('mitsubishi-uh-60j', 'jp-air-rescue-wing');
INSERT INTO "aircraft_units" ("aircraft_id", "unit_id") VALUES ('saab-gripen-c', 'th-701st-squadron');
INSERT INTO "aircraft_units" ("aircraft_id", "unit_id") VALUES ('shinmaywa-us-2', 'jp-air-rescue-squadron-71-ars-71');
INSERT INTO "aircraft_units" ("aircraft_id", "unit_id") VALUES ('sikorsky-ch-53e-super-stallion', 'us-hmh-464-heavy-helicopter-squadron');
INSERT INTO "aircraft_units" ("aircraft_id", "unit_id") VALUES ('sikorsky-mh-60r-seahawk', 'us-hsm-51');

INSERT INTO "event_locations" ("event_id", "location_id") VALUES ('jp-chitose-air-show-2024-rehearsal', 'jp-chitose-air-base');
INSERT INTO "event_locations" ("event_id", "location_id") VALUES ('jp-gifu-air-show-2023', 'jp-gifu-air-base');
INSERT INTO "event_locations" ("event_id", "location_id") VALUES ('jp-gifu-air-show-2023', 'jp-komatsu-air-base');
INSERT INTO "event_locations" ("event_id", "location_id") VALUES ('jp-hamamatsu-air-show-2023', 'jp-hamamatsu-air-base');
INSERT INTO "event_locations" ("event_id", "location_id") VALUES ('jp-kisarazu-air-show-2023', 'jp-kisarazu-airfield');
INSERT INTO "event_locations" ("event_id", "location_id") VALUES ('jp-kisarazu-air-show-2023', 'jp-narita-international-airport');
INSERT INTO "event_locations" ("event_id", "location_id") VALUES ('jp-komatsu-air-show-2023', 'jp-komatsu-air-base');
INSERT INTO "event_locations" ("event_id", "location_id") VALUES ('jp-tsuiki-air-show-2023', 'jp-tsuiki-air-base');
INSERT INTO "event_locations" ("event_id", "location_id") VALUES ('jp-tsuiki-air-show-2025', 'jp-tsuiki-air-base');
INSERT INTO "event_locations" ("event_id", "location_id") VALUES ('sg-ndp-2023', 'sg-singapore');
INSERT INTO "event_locations" ("event_id", "location_id") VALUES ('sg-ndp-2024', 'sg-singapore');
INSERT INTO "event_locations" ("event_id", "location_id") VALUES ('sg-singapore-airshow-2024', 'sg-changi-exhibition-centre');
INSERT INTO "event_locations" ("event_id", "location_id") VALUES ('sg-singapore-airshow-2024', 'sg-singapore');
INSERT INTO "event_locations" ("event_id", "location_id") VALUES ('sg-singapore-airshow-2026', 'sg-changi-exhibition-centre');
INSERT INTO "event_locations" ("event_id", "location_id") VALUES ('th-wan-dek-2026', 'th-don-muang-royal-thai-air-force-base');

INSERT INTO "photos" ("id", "source_path", "location_id", "event_id", "date_override", "title", "caption", "livery", "caption_ai_assisted") VALUES ('2022-10-18-dsc04841-enhanced', 'DSC04841-Enhanced.jpg', 'sg-singapore', NULL, NULL, '', 'F-15SG from 149 Squadron "Shikra" in Singapore', '', 0);
INSERT INTO "photos" ("id", "source_path", "location_id", "event_id", "date_override", "title", "caption", "livery", "caption_ai_assisted") VALUES ('2022-10-18-dsc05039-enhanced', 'DSC05039-Enhanced.jpg', 'sg-singapore', NULL, NULL, '', 'New Zealand’s Airborne Surveillance and Response Force (ASRF) P-3K2 Orion operating under No. 5 Squadron', '', 0);
INSERT INTO "photos" ("id", "source_path", "location_id", "event_id", "date_override", "title", "caption", "livery", "caption_ai_assisted") VALUES ('2022-11-23-dsc09472', 'DSC09472.jpg', 'sg-singapore', NULL, NULL, '', 'INAS Dornier 228 in Singapore', '', 0);
INSERT INTO "photos" ("id", "source_path", "location_id", "event_id", "date_override", "title", "caption", "livery", "caption_ai_assisted") VALUES ('2022-11-23-dsc09504', 'QC_DSC09504.jpg', 'sg-singapore', NULL, NULL, '', 'INAS Dornier 228 in Singapore', '', 0);
INSERT INTO "photos" ("id", "source_path", "location_id", "event_id", "date_override", "title", "caption", "livery", "caption_ai_assisted") VALUES ('2023-01-17-beluga-1', 'beluga_1.jpg', 'sg-singapore', NULL, NULL, '', 'Airbus A300-600ST (Super Transporter) landing in Singapore', '', 0);
INSERT INTO "photos" ("id", "source_path", "location_id", "event_id", "date_override", "title", "caption", "livery", "caption_ai_assisted") VALUES ('2023-01-17-beluga-2', 'beluga_2.jpg', 'sg-singapore', NULL, NULL, '', 'Airbus A300-600ST (Super Transporter) landing in Singapore', '', 0);
INSERT INTO "photos" ("id", "source_path", "location_id", "event_id", "date_override", "title", "caption", "livery", "caption_ai_assisted") VALUES ('2023-02-07-c2-vrc30', 'c2_vrc30.jpg', 'sg-singapore', NULL, NULL, '', 'Grumman C-2A Greyhound from VRC-30 "Providers" landing in Singapore', '', 0);
INSERT INTO "photos" ("id", "source_path", "location_id", "event_id", "date_override", "title", "caption", "livery", "caption_ai_assisted") VALUES ('2023-02-23-honeywell-1', 'honeywell_1.jpg', 'sg-changi-airport', NULL, NULL, '', 'Honeywell Boeing 757 landing in Singapore Changi Airport', '', 0);
INSERT INTO "photos" ("id", "source_path", "location_id", "event_id", "date_override", "title", "caption", "livery", "caption_ai_assisted") VALUES ('2023-02-23-honeywell-2', 'honeywell_2.jpg', 'sg-changi-airport', NULL, NULL, '', 'A Honeywell Boeing 757 lands at Changi Airport', '', 0);
INSERT INTO "photos" ("id", "source_path", "location_id", "event_id", "date_override", "title", "caption", "livery", "caption_ai_assisted") VALUES ('2023-04-29-firefly-1', 'firefly_1.jpg', 'sg-seletar-airport', NULL, NULL, '', 'Firefly ATR 72-500 landing at Seletar Airport', '', 0);
INSERT INTO "photos" ("id", "source_path", "location_id", "event_id", "date_override", "title", "caption", "livery", "caption_ai_assisted") VALUES ('2023-04-29-firefly-2', 'firefly_2.jpg', 'sg-seletar-airport', NULL, NULL, '', 'Firefly ATR 72-500 (9M-FYK) taking off from Seletar Airport', '', 0);
INSERT INTO "photos" ("id", "source_path", "location_id", "event_id", "date_override", "title", "caption", "livery", "caption_ai_assisted") VALUES ('2023-05-16-wolfhound-1', 'wolfhound_1.jpg', 'sg-singapore', NULL, NULL, '', 'USAF Special Operations Command C-146A Wolfhound landing in Singapore', '', 0);
INSERT INTO "photos" ("id", "source_path", "location_id", "event_id", "date_override", "title", "caption", "livery", "caption_ai_assisted") VALUES ('2023-05-23-dsc00014-enhanced-nr', 'DSC00014-Enhanced-NR.jpg', 'sg-singapore', NULL, NULL, '', 'RSAF A330 MRTT banking taking off during golden hour', '', 0);
INSERT INTO "photos" ("id", "source_path", "location_id", "event_id", "date_override", "title", "caption", "livery", "caption_ai_assisted") VALUES ('2023-05-23-dsc00026-enhanced-nr', 'DSC00026-Enhanced-NR.jpg', 'sg-singapore', NULL, NULL, '', 'RSAF A330 MRTT banking taking off during golden hour', '', 0);
INSERT INTO "photos" ("id", "source_path", "location_id", "event_id", "date_override", "title", "caption", "livery", "caption_ai_assisted") VALUES ('2023-05-23-dsc00038-enhanced-nr', 'DSC00038-Enhanced-NR.jpg', 'sg-singapore', NULL, NULL, '', 'RSAF A330 MRTT banking after take-off at sunset', '', 0);
INSERT INTO "photos" ("id", "source_path", "location_id", "event_id", "date_override", "title", "caption", "livery", "caption_ai_assisted") VALUES ('2023-05-23-dsc00126-enhanced-nr', 'DSC00126-Enhanced-NR.jpg', 'sg-singapore', NULL, NULL, '', 'RSAF A330 MRTT banking after take-off at sunset', '', 0);
INSERT INTO "photos" ("id", "source_path", "location_id", "event_id", "date_override", "title", "caption", "livery", "caption_ai_assisted") VALUES ('2023-05-23-dsc09861-enhanced-nr', 'DSC09861-Enhanced-NR.jpg', 'sg-singapore', NULL, NULL, '', 'Gulfstream G550 CAEW from RSAF 111 SQN "Jaeger" in Singapore', '', 0);
INSERT INTO "photos" ("id", "source_path", "location_id", "event_id", "date_override", "title", "caption", "livery", "caption_ai_assisted") VALUES ('2023-05-23-dsc09899-enhanced-nr', 'QC_DSC09899-Enhanced-NR.jpg', 'sg-singapore', NULL, NULL, '', 'Gulfstream G550 CAEW from RSAF 111 SQN "Jaeger" in Singapore', '', 0);
INSERT INTO "photos" ("id", "source_path", "location_id", "event_id", "date_override", "title", "caption", "livery", "caption_ai_assisted") VALUES ('2023-05-23-dsc09907-enhanced-nr', 'DSC09907-Enhanced-NR.jpg', 'sg-singapore', NULL, NULL, '', 'Gulfstream G550 CAEW from RSAF 111 SQN "Jaeger" in Singapore', '', 0);
INSERT INTO "photos" ("id", "source_path", "location_id", "event_id", "date_override", "title", "caption", "livery", "caption_ai_assisted") VALUES ('2023-05-23-dsc09955-enhanced-nr', 'DSC09955-Enhanced-NR.jpg', 'sg-singapore', NULL, NULL, '', 'Gulfstream G550 CAEW from RSAF 111 SQN "Jaeger" in Singapore', '', 0);
INSERT INTO "photos" ("id", "source_path", "location_id", "event_id", "date_override", "title", "caption", "livery", "caption_ai_assisted") VALUES ('2023-05-23-dsc09958-enhanced-nr', 'DSC09958-Enhanced-NR.jpg', 'sg-singapore', NULL, NULL, '', 'Gulfstream G550 CAEW from RSAF 111 SQN "Jaeger" in Singapore', '', 0);
INSERT INTO "photos" ("id", "source_path", "location_id", "event_id", "date_override", "title", "caption", "livery", "caption_ai_assisted") VALUES ('2023-05-24-dsc00509-enhanced-nr', 'DSC00509-Enhanced-NR.jpg', 'sg-singapore', NULL, NULL, '', 'F-15SG from 149 Squadron "Shikra" in Singapore', '', 0);
INSERT INTO "photos" ("id", "source_path", "location_id", "event_id", "date_override", "title", "caption", "livery", "caption_ai_assisted") VALUES ('2023-05-24-dsc00666-enhanced-nr', 'DSC00666-Enhanced-NR.jpg', 'sg-singapore', NULL, NULL, '', 'F-15SG from 149 Squadron "Shikra" in Singapore', '', 0);
INSERT INTO "photos" ("id", "source_path", "location_id", "event_id", "date_override", "title", "caption", "livery", "caption_ai_assisted") VALUES ('2023-05-24-dsc00715-enhanced-nr', 'DSC00715-Enhanced-NR.jpg', 'sg-singapore', NULL, NULL, '', 'F-15SG from 149 Squadron "Shikra" in Singapore', '', 0);
INSERT INTO "photos" ("id", "source_path", "location_id", "event_id", "date_override", "title", "caption", "livery", "caption_ai_assisted") VALUES ('2023-05-24-dsc00741-enhanced-nr', 'DSC00741-Enhanced-NR.jpg', 'sg-singapore', NULL, NULL, '', 'F-15SG from 142 Squadron "Gryphon" in Singapore', '', 0);
INSERT INTO "photos" ("id", "source_path", "location_id", "event_id", "date_override", "title", "caption", "livery", "caption_ai_assisted") VALUES ('2023-06-04-e4b-1', 'QC_e4b_1.jpg', 'sg-singapore', NULL, NULL, '', 'A Boeing E-4B Nightwatch aircraft, marked ''United States of America'' with tail number 28076, takes off from Singapore.', '', 0);
INSERT INTO "photos" ("id", "source_path", "location_id", "event_id", "date_override", "title", "caption", "livery", "caption_ai_assisted") VALUES ('2023-06-10-dsc03414-enhanced-nr-2', 'DSC03414-Enhanced-NR-2.jpg', 'sg-singapore', 'sg-ndp-2023', NULL, '', 'NDP 2023', '', 0);
INSERT INTO "photos" ("id", "source_path", "location_id", "event_id", "date_override", "title", "caption", "livery", "caption_ai_assisted") VALUES ('2023-06-17-dsc05376-enhanced-nr', 'DSC05376-Enhanced-NR.jpg', 'sg-singapore', 'sg-ndp-2023', NULL, '', 'F-15SG from 149 Squadron "Shikra" in Singapore', '', 0);
INSERT INTO "photos" ("id", "source_path", "location_id", "event_id", "date_override", "title", "caption", "livery", "caption_ai_assisted") VALUES ('2023-06-24-dsc06375-enhanced-nr', 'DSC06375-Enhanced-NR.jpg', 'sg-singapore', 'sg-ndp-2023', NULL, '', 'NDP 2023', '', 0);
INSERT INTO "photos" ("id", "source_path", "location_id", "event_id", "date_override", "title", "caption", "livery", "caption_ai_assisted") VALUES ('2023-06-26-rafale-b-1', 'rafale_b_1.jpg', 'sg-singapore', NULL, NULL, '', 'Dassault Rafale B landing in Singapore', '', 0);
INSERT INTO "photos" ("id", "source_path", "location_id", "event_id", "date_override", "title", "caption", "livery", "caption_ai_assisted") VALUES ('2023-06-26-rafale-c-1', 'rafale_c_1.jpg', 'sg-singapore', NULL, NULL, '', 'French Dassault Rafale C landing in Singapore', '', 0);
INSERT INTO "photos" ("id", "source_path", "location_id", "event_id", "date_override", "title", "caption", "livery", "caption_ai_assisted") VALUES ('2023-06-27-dsc08334-enhanced-nr', 'DSC08334-Enhanced-NR.jpg', 'sg-singapore', NULL, NULL, '', 'RSAF 121 SQN Fokker-50 UTA', '', 0);
INSERT INTO "photos" ("id", "source_path", "location_id", "event_id", "date_override", "title", "caption", "livery", "caption_ai_assisted") VALUES ('2023-06-27-dsc08515-enhanced-nr', 'DSC08515-Enhanced-NR.jpg', 'sg-singapore', NULL, NULL, '', 'F-15SG from 149 Squadron "Shikra" in Singapore', '', 0);
INSERT INTO "photos" ("id", "source_path", "location_id", "event_id", "date_override", "title", "caption", "livery", "caption_ai_assisted") VALUES ('2023-06-27-french-mrtt-1', 'french_mrtt_1.jpg', 'sg-singapore', NULL, NULL, '', 'French Air Force A330 MRTT landing in Singapore', '', 0);
INSERT INTO "photos" ("id", "source_path", "location_id", "event_id", "date_override", "title", "caption", "livery", "caption_ai_assisted") VALUES ('2023-06-27-french-mrtt-2', 'french_mrtt_2.jpg', 'sg-singapore', NULL, NULL, '', 'French A330 MRTT landing in Singapore', '', 0);
INSERT INTO "photos" ("id", "source_path", "location_id", "event_id", "date_override", "title", "caption", "livery", "caption_ai_assisted") VALUES ('2023-06-27-raaf-c17', 'raaf_c17.jpg', 'sg-singapore', NULL, NULL, '', 'RAAF C-17 from No. 36 Squadron landing in Singapore', '', 0);
INSERT INTO "photos" ("id", "source_path", "location_id", "event_id", "date_override", "title", "caption", "livery", "caption_ai_assisted") VALUES ('2023-06-27-rafale-b-2', 'rafale_b_2.jpg', 'sg-singapore', NULL, NULL, '', 'A French Dassault Rafale B fighter jet flies through the sky.', '', 0);
INSERT INTO "photos" ("id", "source_path", "location_id", "event_id", "date_override", "title", "caption", "livery", "caption_ai_assisted") VALUES ('2023-06-30-wsss-clipper-1', 'wsss_clipper_1.jpg', 'sg-changi-airport', NULL, NULL, '', 'US Navy C-40A Clipper from VR-57 landing at Singapore Changi Airport', '', 0);
INSERT INTO "photos" ("id", "source_path", "location_id", "event_id", "date_override", "title", "caption", "livery", "caption_ai_assisted") VALUES ('2023-07-08-dsc03366-enhanced-nr', 'QC_DSC03366-Enhanced-NR.jpg', 'sg-singapore', 'sg-ndp-2023', NULL, '', 'F-15SG from 149 Squadron "Shikra" in Singapore', '', 0);
INSERT INTO "photos" ("id", "source_path", "location_id", "event_id", "date_override", "title", "caption", "livery", "caption_ai_assisted") VALUES ('2023-07-08-dsc03466-enhanced-nr', 'QC_DSC03466-Enhanced-NR.jpg', 'sg-singapore', 'sg-ndp-2023', NULL, '', 'NDP 2023', '', 0);
INSERT INTO "photos" ("id", "source_path", "location_id", "event_id", "date_override", "title", "caption", "livery", "caption_ai_assisted") VALUES ('2023-07-08-dsc03542-enhanced-nr', 'QC_DSC03542-Enhanced-NR.jpg', 'sg-singapore', 'sg-ndp-2023', NULL, '', 'NDP 2023', '', 0);
INSERT INTO "photos" ("id", "source_path", "location_id", "event_id", "date_override", "title", "caption", "livery", "caption_ai_assisted") VALUES ('2023-07-08-dsc03587-enhanced-nr', 'DSC03587-Enhanced-NR.jpg', 'sg-singapore', 'sg-ndp-2023', NULL, '', 'F-15SG from 149 Squadron "Shikra" in Singapore', '', 0);
INSERT INTO "photos" ("id", "source_path", "location_id", "event_id", "date_override", "title", "caption", "livery", "caption_ai_assisted") VALUES ('2023-07-08-dsc03750-enhanced-nr', 'DSC03750-Enhanced-NR.jpg', 'sg-singapore', 'sg-ndp-2023', NULL, '', 'F-15SG from 149 Squadron "Shikra" in Singapore', '', 0);
INSERT INTO "photos" ("id", "source_path", "location_id", "event_id", "date_override", "title", "caption", "livery", "caption_ai_assisted") VALUES ('2023-07-11-dsc04367-enhanced-nr', 'DSC04367-Enhanced-NR.jpg', 'sg-singapore', NULL, NULL, '', 'F-15SG from 149 Squadron "Shikra" in Singapore', '', 0);
INSERT INTO "photos" ("id", "source_path", "location_id", "event_id", "date_override", "title", "caption", "livery", "caption_ai_assisted") VALUES ('2023-07-11-dsc04372-enhanced-nr', 'DSC04372-Enhanced-NR.jpg', 'sg-singapore', NULL, NULL, '', 'F-15SG from 149 Squadron "Shikra" in Singapore', '', 0);
INSERT INTO "photos" ("id", "source_path", "location_id", "event_id", "date_override", "title", "caption", "livery", "caption_ai_assisted") VALUES ('2023-07-11-dsc04412-enhanced-nr', 'DSC04412-Enhanced-NR.jpg', 'sg-singapore', NULL, NULL, '', 'F-15SG from 149 Squadron "Shikra" in Singapore', '', 0);
INSERT INTO "photos" ("id", "source_path", "location_id", "event_id", "date_override", "title", "caption", "livery", "caption_ai_assisted") VALUES ('2023-07-15-dsc06993-enhanced-nr', 'DSC06993-Enhanced-NR.jpg', 'sg-singapore', 'sg-ndp-2023', NULL, '', 'F-15SG from 149 Squadron "Shikra" in Singapore', '', 0);
INSERT INTO "photos" ("id", "source_path", "location_id", "event_id", "date_override", "title", "caption", "livery", "caption_ai_assisted") VALUES ('2023-07-17-dsc07164-enhanced-nr', 'DSC07164-Enhanced-NR.jpg', 'sg-singapore', NULL, NULL, '', 'RSAF A330 MRTT landing in Singapore', '', 0);
INSERT INTO "photos" ("id", "source_path", "location_id", "event_id", "date_override", "title", "caption", "livery", "caption_ai_assisted") VALUES ('2023-07-17-dsc07416-enhanced-nr', 'DSC07416-Enhanced-NR.jpg', 'sg-singapore', NULL, NULL, '', 'RSAF 121 SQN Fokker-50 MPA', '', 0);
INSERT INTO "photos" ("id", "source_path", "location_id", "event_id", "date_override", "title", "caption", "livery", "caption_ai_assisted") VALUES ('2023-07-17-dsc07420-enhanced-nr', 'DSC07420-Enhanced-NR.jpg', 'sg-singapore', NULL, NULL, '', 'RSAF 121 SQN Fokker-50 MPA', '', 0);
INSERT INTO "photos" ("id", "source_path", "location_id", "event_id", "date_override", "title", "caption", "livery", "caption_ai_assisted") VALUES ('2023-07-17-dsc07440-enhanced-nr', 'DSC07440-Enhanced-NR.jpg', 'sg-singapore', NULL, NULL, '', 'RSAF A330 MRTT landing in Singapore', '', 0);
INSERT INTO "photos" ("id", "source_path", "location_id", "event_id", "date_override", "title", "caption", "livery", "caption_ai_assisted") VALUES ('2023-07-17-dsc07450-enhanced-nr', 'DSC07450-Enhanced-NR.jpg', 'sg-singapore', NULL, NULL, '', 'RSAF A330 MRTT landing in Singapore', '', 0);
INSERT INTO "photos" ("id", "source_path", "location_id", "event_id", "date_override", "title", "caption", "livery", "caption_ai_assisted") VALUES ('2023-07-17-dsc07490-enhanced-nr', 'DSC07490-Enhanced-NR.jpg', 'sg-singapore', NULL, NULL, '', 'RSAF 121 SQN Fokker-50 MPA', '', 0);
INSERT INTO "photos" ("id", "source_path", "location_id", "event_id", "date_override", "title", "caption", "livery", "caption_ai_assisted") VALUES ('2023-07-17-dsc07526-enhanced-nr', 'DSC07526-Enhanced-NR.jpg', 'sg-singapore', NULL, NULL, '', 'RSAF 121 SQN Fokker-50 MPA', '', 0);
INSERT INTO "photos" ("id", "source_path", "location_id", "event_id", "date_override", "title", "caption", "livery", "caption_ai_assisted") VALUES ('2023-07-29-dsc08780-enhanced-nr', 'DSC08780-Enhanced-NR.jpg', 'sg-singapore', 'sg-ndp-2023', NULL, '', 'F-15SG from 149 Squadron "Shikra" in Singapore', '', 0);
INSERT INTO "photos" ("id", "source_path", "location_id", "event_id", "date_override", "title", "caption", "livery", "caption_ai_assisted") VALUES ('2023-07-29-dsc08860-enhanced-nr', 'DSC08860-Enhanced-NR.jpg', 'sg-singapore', 'sg-ndp-2023', NULL, '', 'NDP 2023', '', 0);
INSERT INTO "photos" ("id", "source_path", "location_id", "event_id", "date_override", "title", "caption", "livery", "caption_ai_assisted") VALUES ('2023-07-29-dsc08909-enhanced-nr', 'QC_DSC08909-Enhanced-NR.jpg', 'sg-singapore', 'sg-ndp-2023', NULL, '', 'NDP 2023', '', 0);
INSERT INTO "photos" ("id", "source_path", "location_id", "event_id", "date_override", "title", "caption", "livery", "caption_ai_assisted") VALUES ('2023-07-29-dsc09127-enhanced-nr', 'DSC09127-Enhanced-NR.jpg', 'sg-singapore', 'sg-ndp-2023', NULL, '', 'F-15SG from 149 Squadron "Shikra" in Singapore', '', 0);
INSERT INTO "photos" ("id", "source_path", "location_id", "event_id", "date_override", "title", "caption", "livery", "caption_ai_assisted") VALUES ('2023-08-04-dsc00555-enhanced-nr', 'DSC00555-Enhanced-NR.jpg', 'sg-singapore', NULL, NULL, '', 'F-15SG from 149 Squadron "Shikra" in Singapore', '', 0);
INSERT INTO "photos" ("id", "source_path", "location_id", "event_id", "date_override", "title", "caption", "livery", "caption_ai_assisted") VALUES ('2023-08-04-dsc00691-enhanced-nr', 'DSC00691-Enhanced-NR.jpg', 'sg-singapore', NULL, NULL, '', 'RSAF A330 MRTT banking after take-off', '', 0);
INSERT INTO "photos" ("id", "source_path", "location_id", "event_id", "date_override", "title", "caption", "livery", "caption_ai_assisted") VALUES ('2023-08-04-dsc01707-enhanced-nr', 'DSC01707-Enhanced-NR.jpg', 'sg-singapore', NULL, NULL, '', 'F-15SG from 149 Squadron "Shikra" in Singapore', '', 0);
INSERT INTO "photos" ("id", "source_path", "location_id", "event_id", "date_override", "title", "caption", "livery", "caption_ai_assisted") VALUES ('2023-08-04-dsc01734-enhanced-nr', 'DSC01734-Enhanced-NR.jpg', 'sg-singapore', NULL, NULL, '', 'F-15SG from 149 Squadron "Shikra" in Singapore', '', 0);
INSERT INTO "photos" ("id", "source_path", "location_id", "event_id", "date_override", "title", "caption", "livery", "caption_ai_assisted") VALUES ('2023-08-04-dsc01749-enhanced-nr', 'DSC01749-Enhanced-NR.jpg', 'sg-singapore', NULL, NULL, '', 'F-15SG from 149 Squadron "Shikra" in Singapore', '', 0);
INSERT INTO "photos" ("id", "source_path", "location_id", "event_id", "date_override", "title", "caption", "livery", "caption_ai_assisted") VALUES ('2023-08-04-italy-c130', 'italy_c130.jpg', 'sg-singapore', NULL, NULL, '', 'Italian Air Force KC-130J Hercules taking off from Singapore', '', 0);
INSERT INTO "photos" ("id", "source_path", "location_id", "event_id", "date_override", "title", "caption", "livery", "caption_ai_assisted") VALUES ('2023-08-04-italy-f35-5', 'italy_f35_5.jpg', 'sg-singapore', NULL, NULL, '', 'Italian Air Force F-35A Lightning II from 32° Stormo in Singapore', '', 0);
INSERT INTO "photos" ("id", "source_path", "location_id", "event_id", "date_override", "title", "caption", "livery", "caption_ai_assisted") VALUES ('2023-08-04-italy-f35-6', 'italy_f35_6.jpg', 'sg-singapore', NULL, NULL, '', '6° Stormo F-35A taking off from Singapore', '', 0);
INSERT INTO "photos" ("id", "source_path", "location_id", "event_id", "date_override", "title", "caption", "livery", "caption_ai_assisted") VALUES ('2023-08-04-italy-g550', 'italy_g550.jpg', 'sg-singapore', NULL, NULL, '', '14° Stormo G550 CAEW aircraft flying in Singapore', '', 0);
INSERT INTO "photos" ("id", "source_path", "location_id", "event_id", "date_override", "title", "caption", "livery", "caption_ai_assisted") VALUES ('2023-08-04-italy-kc767-1', 'italy_kc767_1.jpg', 'sg-singapore', NULL, NULL, '', 'Italian Air Force KC-767 tanker climbing', '', 0);
INSERT INTO "photos" ("id", "source_path", "location_id", "event_id", "date_override", "title", "caption", "livery", "caption_ai_assisted") VALUES ('2023-08-04-italy-kc767-2', 'italy_kc767_2.jpg', 'sg-singapore', NULL, NULL, '', 'An Italian Air Force KC-767 tanker of the 8° Gruppo takes off from Singapore', '', 0);
INSERT INTO "photos" ("id", "source_path", "location_id", "event_id", "date_override", "title", "caption", "livery", "caption_ai_assisted") VALUES ('2023-08-04-italy-kc767-3', 'italy_kc767_3.jpg', 'sg-singapore', NULL, NULL, '', 'Italian Air Force KC-767 tanker taking off from Singapore', '', 0);
INSERT INTO "photos" ("id", "source_path", "location_id", "event_id", "date_override", "title", "caption", "livery", "caption_ai_assisted") VALUES ('2023-08-04-rsaf-mrtt-760-1', 'rsaf_mrtt_760_1.jpg', 'sg-singapore', NULL, NULL, '', 'Republic of Singapore Air Force MRTT (760) from 112 Squadron in flight', '', 0);
INSERT INTO "photos" ("id", "source_path", "location_id", "event_id", "date_override", "title", "caption", "livery", "caption_ai_assisted") VALUES ('2023-08-09-dsc02325-enhanced-nr2', 'QC_DSC02325-Enhanced-NR2.jpg', 'sg-singapore', 'sg-ndp-2023', NULL, '', 'NDP 2023', '', 0);
INSERT INTO "photos" ("id", "source_path", "location_id", "event_id", "date_override", "title", "caption", "livery", "caption_ai_assisted") VALUES ('2023-08-09-dsc02930-enhanced-nr', 'QC_DSC02930-Enhanced-NR.jpg', 'sg-singapore', 'sg-ndp-2023', NULL, '', 'F-15SG from 149 Squadron "Shikra" in Singapore', '', 0);
INSERT INTO "photos" ("id", "source_path", "location_id", "event_id", "date_override", "title", "caption", "livery", "caption_ai_assisted") VALUES ('2023-08-09-dsc03232-enhanced-nr', 'DSC03232-Enhanced-NR.jpg', 'sg-singapore', 'sg-ndp-2023', NULL, '', 'F-15SG from 149 Squadron "Shikra" in Singapore', '', 0);
INSERT INTO "photos" ("id", "source_path", "location_id", "event_id", "date_override", "title", "caption", "livery", "caption_ai_assisted") VALUES ('2023-08-09-dsc03255-enhanced-nr', 'QC_DSC03255-Enhanced-NR.jpg', 'sg-singapore', 'sg-ndp-2023', NULL, '', 'F-15SG from 149 Squadron "Shikra" in Singapore', '', 0);
INSERT INTO "photos" ("id", "source_path", "location_id", "event_id", "date_override", "title", "caption", "livery", "caption_ai_assisted") VALUES ('2023-08-09-dsc03264-enhanced-nr', 'DSC03264-Enhanced-NR.jpg', 'sg-singapore', 'sg-ndp-2023', NULL, '', 'F-15SG from 149 Squadron "Shikra" in Singapore', '', 0);
INSERT INTO "photos" ("id", "source_path", "location_id", "event_id", "date_override", "title", "caption", "livery", "caption_ai_assisted") VALUES ('2023-08-09-dsc03275-enhanced-nr', 'DSC03275-Enhanced-NR.jpg', 'sg-singapore', 'sg-ndp-2023', NULL, '', 'F-15SG from 149 Squadron "Shikra" in Singapore', '', 0);
INSERT INTO "photos" ("id", "source_path", "location_id", "event_id", "date_override", "title", "caption", "livery", "caption_ai_assisted") VALUES ('2023-08-10-italy-f35-1', 'italy_f35_1.jpg', 'sg-singapore', NULL, NULL, '', 'Italian Air Force F-35A in Singapore', '', 0);
INSERT INTO "photos" ("id", "source_path", "location_id", "event_id", "date_override", "title", "caption", "livery", "caption_ai_assisted") VALUES ('2023-08-10-italy-f35-2', 'italy_f35_2.jpg', 'sg-singapore', NULL, NULL, '', 'Italian Air Force F-35A (32-16) in Singapore', '', 0);
INSERT INTO "photos" ("id", "source_path", "location_id", "event_id", "date_override", "title", "caption", "livery", "caption_ai_assisted") VALUES ('2023-08-10-italy-f35-3', 'italy_f35_3.jpg', 'sg-singapore', NULL, NULL, '', 'F-35A Lightning II (12-06) from 32° Stormo in Singapore', '', 0);
INSERT INTO "photos" ("id", "source_path", "location_id", "event_id", "date_override", "title", "caption", "livery", "caption_ai_assisted") VALUES ('2023-08-10-italy-f35-4', 'italy_f35_4.jpg', 'sg-singapore', NULL, NULL, '', 'Italian Air Force F-35A (32-15) landing in Singapore', '', 0);
INSERT INTO "photos" ("id", "source_path", "location_id", "event_id", "date_override", "title", "caption", "livery", "caption_ai_assisted") VALUES ('2023-08-18-dsc04298-enhanced-nr', 'DSC04298-Enhanced-NR.jpg', 'sg-singapore', NULL, NULL, '', 'F-15SG from 149 Squadron "Shikra" in Singapore', '', 0);
INSERT INTO "photos" ("id", "source_path", "location_id", "event_id", "date_override", "title", "caption", "livery", "caption_ai_assisted") VALUES ('2023-08-18-dsc04326-enhanced-nr', 'DSC04326-Enhanced-NR.jpg', 'sg-singapore', NULL, NULL, '', 'F-15SG from 149 Squadron "Shikra" in Singapore', '', 0);
INSERT INTO "photos" ("id", "source_path", "location_id", "event_id", "date_override", "title", "caption", "livery", "caption_ai_assisted") VALUES ('2023-08-18-dsc04385-enhanced-nr', 'DSC04385-Enhanced-NR.jpg', 'sg-singapore', NULL, NULL, '', 'F-15SG from 149 Squadron "Shikra" in Singapore', '', 0);
INSERT INTO "photos" ("id", "source_path", "location_id", "event_id", "date_override", "title", "caption", "livery", "caption_ai_assisted") VALUES ('2023-08-18-dsc04437-enhanced-nr', 'DSC04437-Enhanced-NR.jpg', 'sg-singapore', NULL, NULL, '', 'F-15SG from 149 Squadron "Shikra" in Singapore', '', 0);
INSERT INTO "photos" ("id", "source_path", "location_id", "event_id", "date_override", "title", "caption", "livery", "caption_ai_assisted") VALUES ('2023-08-18-dsc04494-enhanced-nr', 'DSC04494-Enhanced-NR.jpg', 'sg-singapore', NULL, NULL, '', 'F-15SG from 149 Squadron "Shikra" in Singapore', '', 0);
INSERT INTO "photos" ("id", "source_path", "location_id", "event_id", "date_override", "title", "caption", "livery", "caption_ai_assisted") VALUES ('2023-08-18-dsc04548-enhanced-nr', 'DSC04548-Enhanced-NR.jpg', 'sg-singapore', NULL, NULL, '', 'F-15SG from 149 Squadron "Shikra" in Singapore', '', 0);
INSERT INTO "photos" ("id", "source_path", "location_id", "event_id", "date_override", "title", "caption", "livery", "caption_ai_assisted") VALUES ('2023-08-18-dsc04597-enhanced-nr', 'QC_DSC04597-Enhanced-NR.jpg', 'sg-singapore', NULL, NULL, '', 'F-15SG from 149 Squadron "Shikra" in Singapore', '', 0);
INSERT INTO "photos" ("id", "source_path", "location_id", "event_id", "date_override", "title", "caption", "livery", "caption_ai_assisted") VALUES ('2023-08-25-dsc04727-enhanced-nr', 'DSC04727-Enhanced-NR.jpg', 'sg-singapore', NULL, NULL, '', 'F-15SG from 149 Squadron "Shikra" in Singapore', '', 0);
INSERT INTO "photos" ("id", "source_path", "location_id", "event_id", "date_override", "title", "caption", "livery", "caption_ai_assisted") VALUES ('2023-08-25-dsc04760-enhanced-nr', 'DSC04760-Enhanced-NR.jpg', 'sg-singapore', NULL, NULL, '', 'F-15SG from 149 Squadron "Shikra" in Singapore', '', 0);
INSERT INTO "photos" ("id", "source_path", "location_id", "event_id", "date_override", "title", "caption", "livery", "caption_ai_assisted") VALUES ('2023-08-25-dsc04980-enhanced-nr', 'DSC04980-Enhanced-NR.jpg', 'sg-singapore', NULL, NULL, '', 'F-15SG from 142 Squadron "Gryphon" in Singapore', '', 0);
INSERT INTO "photos" ("id", "source_path", "location_id", "event_id", "date_override", "title", "caption", "livery", "caption_ai_assisted") VALUES ('2023-08-25-dsc05095-enhanced-nr', 'DSC05095-Enhanced-NR.jpg', 'sg-singapore', NULL, NULL, '', 'F-15SG from 142 Squadron "Gryphon" in Singapore', '', 0);
INSERT INTO "photos" ("id", "source_path", "location_id", "event_id", "date_override", "title", "caption", "livery", "caption_ai_assisted") VALUES ('2023-08-29-dsc05179-enhanced-nr', 'DSC05179-Enhanced-NR.jpg', 'sg-singapore', NULL, NULL, '', 'A330 MRTT on approach for landing in Singapore', '', 0);
INSERT INTO "photos" ("id", "source_path", "location_id", "event_id", "date_override", "title", "caption", "livery", "caption_ai_assisted") VALUES ('2023-08-29-dsc05189-enhanced-nr', 'DSC05189-Enhanced-NR.jpg', 'sg-singapore', NULL, NULL, '', 'RSAF A330 MRTT landing in Singapore', '', 0);
INSERT INTO "photos" ("id", "source_path", "location_id", "event_id", "date_override", "title", "caption", "livery", "caption_ai_assisted") VALUES ('2023-08-29-dsc05206-enhanced-nr', 'DSC05206-Enhanced-NR.jpg', 'sg-singapore', NULL, NULL, '', 'RSAF A330 MRTT landing in Singapore', '', 0);
INSERT INTO "photos" ("id", "source_path", "location_id", "event_id", "date_override", "title", "caption", "livery", "caption_ai_assisted") VALUES ('2023-08-29-dsc05271-enhanced-nr', 'DSC05271-Enhanced-NR.jpg', 'sg-singapore', NULL, NULL, '', 'F-15SG from 149 Squadron "Shikra" in Singapore', '', 0);
INSERT INTO "photos" ("id", "source_path", "location_id", "event_id", "date_override", "title", "caption", "livery", "caption_ai_assisted") VALUES ('2023-08-29-dsc05386-enhanced-nr', 'DSC05386-Enhanced-NR.jpg', 'sg-singapore', NULL, NULL, '', 'F-15SG from 149 Squadron "Shikra" in Singapore', '', 0);
INSERT INTO "photos" ("id", "source_path", "location_id", "event_id", "date_override", "title", "caption", "livery", "caption_ai_assisted") VALUES ('2023-08-29-dsc05391-enhanced-nr', 'DSC05391-Enhanced-NR.jpg', 'sg-singapore', NULL, NULL, '', 'F-15SG from 149 Squadron "Shikra" in Singapore', '', 0);
INSERT INTO "photos" ("id", "source_path", "location_id", "event_id", "date_override", "title", "caption", "livery", "caption_ai_assisted") VALUES ('2023-09-09-jmsdf-c130-1', 'jmsdf_c130_1.jpeg', 'jp-atsugi-air-base', NULL, NULL, '', 'Lockheed C-130R from Air Transport Squadron 61 taking off from Atsugi Air Base', '', 0);
INSERT INTO "photos" ("id", "source_path", "location_id", "event_id", "date_override", "title", "caption", "livery", "caption_ai_assisted") VALUES ('2023-09-09-jmsdf-c130-2', 'jmsdf_c130_2.jpeg', 'jp-atsugi-air-base', NULL, NULL, '', 'JMSDF C-130R flying from Atsugi Air Base', '', 0);
INSERT INTO "photos" ("id", "source_path", "location_id", "event_id", "date_override", "title", "caption", "livery", "caption_ai_assisted") VALUES ('2023-09-09-p1-1', 'p1_1.jpeg', 'jp-atsugi-air-base', NULL, NULL, '', 'JMSDF Air Patrol Squadron 3 Kawasaki P-1 at Atsugi Air Base', '', 0);
INSERT INTO "photos" ("id", "source_path", "location_id", "event_id", "date_override", "title", "caption", "livery", "caption_ai_assisted") VALUES ('2023-09-09-p1-2', 'p1_2.jpeg', 'jp-atsugi-air-base', NULL, NULL, '', 'JMSDF P-1 MPA from Air Patrol Squadron 3 at Atsugi Air Base', '', 0);
INSERT INTO "photos" ("id", "source_path", "location_id", "event_id", "date_override", "title", "caption", "livery", "caption_ai_assisted") VALUES ('2023-09-09-p1-3', 'p1_3.jpeg', 'jp-atsugi-air-base', NULL, NULL, '', 'JMSDF Kawasaki P-1 from Air Patrol Squadron 3 at Atsugi Air Base', '', 0);
INSERT INTO "photos" ("id", "source_path", "location_id", "event_id", "date_override", "title", "caption", "livery", "caption_ai_assisted") VALUES ('2023-09-09-up3c-1', 'up3c_1.jpeg', 'jp-atsugi-air-base', NULL, NULL, '', 'Kawasaki UP-3C Orion from Air Development Squadron 51 at Atsugi Air Base', '', 0);
INSERT INTO "photos" ("id", "source_path", "location_id", "event_id", "date_override", "title", "caption", "livery", "caption_ai_assisted") VALUES ('2023-09-09-up3c-2', 'QC_up3c_2.jpeg', 'jp-atsugi-air-base', NULL, NULL, '', 'An Air Development Squadron 51 (VX-51) Kawasaki UP-3C Orion, marked with tail number 9151, taxis on the runway at Atsugi Air Base.', '', 0);
INSERT INTO "photos" ("id", "source_path", "location_id", "event_id", "date_override", "title", "caption", "livery", "caption_ai_assisted") VALUES ('2023-09-09-up3c-3', 'QC_up3c_3.jpeg', 'jp-atsugi-air-base', NULL, NULL, '', 'Kawasaki UP-3C Orion from Air Development Squadron 51 at Atsugi Air Base', '', 0);
INSERT INTO "photos" ("id", "source_path", "location_id", "event_id", "date_override", "title", "caption", "livery", "caption_ai_assisted") VALUES ('2023-09-11-cygnus-1', 'cygnus_1.jpeg', 'jp-haneda-airport', NULL, NULL, '', 'Japan Air Force One (JASDF Boeing 777-300ER) at Haneda Airport', '', 0);
INSERT INTO "photos" ("id", "source_path", "location_id", "event_id", "date_override", "title", "caption", "livery", "caption_ai_assisted") VALUES ('2023-09-11-cygnus-2', 'cygnus_2.jpeg', 'jp-haneda-airport', NULL, NULL, '', 'Japan Air Force One (JASDF Boeing 777-300ER) landing at Haneda Airport', '', 0);
INSERT INTO "photos" ("id", "source_path", "location_id", "event_id", "date_override", "title", "caption", "livery", "caption_ai_assisted") VALUES ('2023-09-11-dsc07166-enhanced-nr', 'DSC07166-Enhanced-NR.jpg', 'jp-haneda-airport', NULL, NULL, '', 'Commercial traffic at Haneda Airport', '', 0);
INSERT INTO "photos" ("id", "source_path", "location_id", "event_id", "date_override", "title", "caption", "livery", "caption_ai_assisted") VALUES ('2023-09-11-dsc07323-enhanced-nr', 'DSC07323-Enhanced-NR.jpg', 'jp-haneda-airport', NULL, NULL, '', 'Commercial traffic at Haneda Airport', '', 0);
INSERT INTO "photos" ("id", "source_path", "location_id", "event_id", "date_override", "title", "caption", "livery", "caption_ai_assisted") VALUES ('2023-09-16-dsc08592-enhanced-nr', 'DSC08592-Enhanced-NR.jpg', 'jp-chofu-airport', NULL, NULL, '', 'New Central Air Service Dornier 228 at Chofu Airport', '', 0);
INSERT INTO "photos" ("id", "source_path", "location_id", "event_id", "date_override", "title", "caption", "livery", "caption_ai_assisted") VALUES ('2023-09-16-dsc08683-enhanced-nr', 'DSC08683-Enhanced-NR.jpg', 'jp-chofu-airport', NULL, NULL, '', 'New Central Air Service Dornier 228 at Chofu Airport', '', 0);
INSERT INTO "photos" ("id", "source_path", "location_id", "event_id", "date_override", "title", "caption", "livery", "caption_ai_assisted") VALUES ('2023-09-18-usaf-c130-1', 'usaf_c130_1.jpeg', 'jp-yokota-air-base', NULL, NULL, '', 'USAF C-130J Super Hercules from the 36th Airlift Squadron at Yokota Air Base', '', 0);
INSERT INTO "photos" ("id", "source_path", "location_id", "event_id", "date_override", "title", "caption", "livery", "caption_ai_assisted") VALUES ('2023-09-18-usaf-c130-2', 'QC_usaf_c130_2.jpeg', 'jp-yokota-air-base', NULL, NULL, '', 'USAF C-130J Super Hercules of the 36th Airlift Squadron at Yokota Air Base', '', 0);
INSERT INTO "photos" ("id", "source_path", "location_id", "event_id", "date_override", "title", "caption", "livery", "caption_ai_assisted") VALUES ('2023-09-18-usaf-c130-3', 'QC_usaf_c130_3.jpeg', 'jp-yokota-air-base', NULL, NULL, '', 'USAF C-130J Super Hercules of the 36th Airlift Squadron at Yokota Air Base', '', 0);
INSERT INTO "photos" ("id", "source_path", "location_id", "event_id", "date_override", "title", "caption", "livery", "caption_ai_assisted") VALUES ('2023-09-18-usaf-huey-1', 'usaf_huey_1.jpeg', 'jp-yokota-air-base', NULL, NULL, '', 'USAF UH-1 Iroquois from the 459th Airlift Squadron at Yokota Air Base', '', 0);
INSERT INTO "photos" ("id", "source_path", "location_id", "event_id", "date_override", "title", "caption", "livery", "caption_ai_assisted") VALUES ('2023-09-18-usaf-huey-2', 'usaf_huey_2.jpeg', 'jp-yokota-air-base', NULL, NULL, '', '459th Airlift Squadron Bell UH-1 Iroquois at Yokota Air Base', '', 0);
INSERT INTO "photos" ("id", "source_path", "location_id", "event_id", "date_override", "title", "caption", "livery", "caption_ai_assisted") VALUES ('2023-09-18-usaf-huey-3', 'usaf_huey_3.jpeg', 'jp-yokota-air-base', NULL, NULL, '', 'USAF Bell UH-1 Iroquois, 459th Airlift Squadron, at Yokota Air Base', '', 0);
INSERT INTO "photos" ("id", "source_path", "location_id", "event_id", "date_override", "title", "caption", "livery", "caption_ai_assisted") VALUES ('2023-09-23-dsc01587-enhanced-nr', 'DSC01587-Enhanced-NR.jpg', 'jp-atsugi-air-base', NULL, NULL, '', 'UP-3C taxiing for take-off from Atsugi Air Base', '', 0);
INSERT INTO "photos" ("id", "source_path", "location_id", "event_id", "date_override", "title", "caption", "livery", "caption_ai_assisted") VALUES ('2023-09-23-dsc01594-enhanced-nr', 'DSC01594-Enhanced-NR.jpg', 'jp-atsugi-air-base', NULL, NULL, '', 'UP-3C taxiing for take-off from Atsugi Air Base', '', 0);
INSERT INTO "photos" ("id", "source_path", "location_id", "event_id", "date_override", "title", "caption", "livery", "caption_ai_assisted") VALUES ('2023-09-23-dsc01693-enhanced-nr', 'DSC01693-Enhanced-NR.jpg', 'jp-atsugi-air-base', NULL, NULL, '', 'UP-3C taxiing for take-off from Atsugi Air Base', '', 0);
INSERT INTO "photos" ("id", "source_path", "location_id", "event_id", "date_override", "title", "caption", "livery", "caption_ai_assisted") VALUES ('2023-09-23-dsc01780-enhanced-nr', 'DSC01780-Enhanced-NR.jpg', 'jp-atsugi-air-base', NULL, NULL, '', 'UP-3C taxiing for take-off from Atsugi Air Base', '', 0);
INSERT INTO "photos" ("id", "source_path", "location_id", "event_id", "date_override", "title", "caption", "livery", "caption_ai_assisted") VALUES ('2023-09-23-dsc01816-enhanced-nr', 'DSC01816-Enhanced-NR.jpg', 'jp-atsugi-air-base', NULL, NULL, '', 'UP-3C taxiing for take-off from Atsugi Air Base', '', 0);
INSERT INTO "photos" ("id", "source_path", "location_id", "event_id", "date_override", "title", "caption", "livery", "caption_ai_assisted") VALUES ('2023-09-23-dsc01899-enhanced-nr', 'DSC01899-Enhanced-NR.jpg', 'jp-atsugi-air-base', NULL, NULL, '', 'UP-3C taxiing for take-off from Atsugi Air Base', '', 0);
INSERT INTO "photos" ("id", "source_path", "location_id", "event_id", "date_override", "title", "caption", "livery", "caption_ai_assisted") VALUES ('2023-09-23-dsc01988-enhanced-nr', 'DSC01988-Enhanced-NR.jpg', 'jp-atsugi-air-base', NULL, NULL, '', 'UP-3C taxiing for take-off from Atsugi Air Base', '', 0);
INSERT INTO "photos" ("id", "source_path", "location_id", "event_id", "date_override", "title", "caption", "livery", "caption_ai_assisted") VALUES ('2023-09-23-dsc02017-enhanced-nr', 'DSC02017-Enhanced-NR.jpg', 'jp-atsugi-air-base', NULL, NULL, '', 'UP-3C taxiing for take-off from Atsugi Air Base', '', 0);
INSERT INTO "photos" ("id", "source_path", "location_id", "event_id", "date_override", "title", "caption", "livery", "caption_ai_assisted") VALUES ('2023-09-23-dsc02057-enhanced-nr', 'DSC02057-Enhanced-NR.jpg', 'jp-atsugi-air-base', NULL, NULL, '', 'UP-3C taxiing for take-off from Atsugi Air Base', '', 0);
INSERT INTO "photos" ("id", "source_path", "location_id", "event_id", "date_override", "title", "caption", "livery", "caption_ai_assisted") VALUES ('2023-09-23-dsc02424-enhanced-nr', 'DSC02424-Enhanced-NR.jpeg', 'jp-atsugi-air-base', NULL, NULL, '', 'Cessna UC-35 Citation from the USMC Operational Support Airlift on approach for landing', '', 0);
INSERT INTO "photos" ("id", "source_path", "location_id", "event_id", "date_override", "title", "caption", "livery", "caption_ai_assisted") VALUES ('2023-09-23-dsc02445-enhanced-nr', 'DSC02445-Enhanced-NR.jpeg', 'jp-atsugi-air-base', NULL, NULL, '', 'Cessna UC-35 Citation from the USMC Operational Support Airlift on approach for landing', '', 0);
INSERT INTO "photos" ("id", "source_path", "location_id", "event_id", "date_override", "title", "caption", "livery", "caption_ai_assisted") VALUES ('2023-09-23-up3c-4', 'up3c_4.jpeg', 'jp-atsugi-air-base', NULL, NULL, '', 'A Kawasaki UP-3C Orion equipment testing plane from Air Development Squadron 51 (VX-51) at Atsugi Air Base', '', 0);
INSERT INTO "photos" ("id", "source_path", "location_id", "event_id", "date_override", "title", "caption", "livery", "caption_ai_assisted") VALUES ('2023-09-23-usn-clipper-1', 'usn_clipper_1.jpeg', 'jp-atsugi-air-base', NULL, NULL, '', 'A C-40A Clipper from Fleet Logistics Support Squadron 51 lands at Atsugi Air Base in rainy weather.', '', 0);
INSERT INTO "photos" ("id", "source_path", "location_id", "event_id", "date_override", "title", "caption", "livery", "caption_ai_assisted") VALUES ('2023-09-23-usn-clipper-2', 'usn_clipper_2.jpeg', 'jp-atsugi-air-base', NULL, NULL, '', 'A C-40A Clipper from Fleet Logistics Support Squadron 51 lands at Atsugi Air Base in rainy weather.', '', 0);
INSERT INTO "photos" ("id", "source_path", "location_id", "event_id", "date_override", "title", "caption", "livery", "caption_ai_assisted") VALUES ('2023-09-23-usn-seahawk-1', 'usn_seahawk_1.jpeg', 'jp-atsugi-air-base', NULL, NULL, '', 'USN MH-60R Seahawk from HSM-51 landing at Atsugi Air Base', '', 0);
INSERT INTO "photos" ("id", "source_path", "location_id", "event_id", "date_override", "title", "caption", "livery", "caption_ai_assisted") VALUES ('2023-09-23-usn-seahawk-2', 'usn_seahawk_2.jpeg', 'jp-atsugi-air-base', NULL, NULL, '', 'USN MH-60R Seahawk from HSM-51 landing at Atsugi Air Base', '', 0);
INSERT INTO "photos" ("id", "source_path", "location_id", "event_id", "date_override", "title", "caption", "livery", "caption_ai_assisted") VALUES ('2023-10-01-dsc03837-enhanced-nr', 'DSC03837-Enhanced-NR.jpg', 'jp-narita-international-airport', 'jp-kisarazu-air-show-2023', NULL, '', 'Privately-operated Boeing 727 landing at Narita Airport', '', 0);
INSERT INTO "photos" ("id", "source_path", "location_id", "event_id", "date_override", "title", "caption", "livery", "caption_ai_assisted") VALUES ('2023-10-01-dsc03885-enhanced-nr', 'DSC03885-Enhanced-NR.jpg', 'jp-narita-international-airport', 'jp-kisarazu-air-show-2023', NULL, '', 'Privately-operated Boeing 727 landing at Narita Airport', '', 0);
INSERT INTO "photos" ("id", "source_path", "location_id", "event_id", "date_override", "title", "caption", "livery", "caption_ai_assisted") VALUES ('2023-10-01-dsc07893-enhanced-nr', 'DSC07893-Enhanced-NR.jpeg', 'jp-kisarazu-airfield', 'jp-kisarazu-air-show-2023', NULL, '', 'JMSDF U-36A ("Cupid") prepares for takeoff from Kisarazu Airfield', '', 0);
INSERT INTO "photos" ("id", "source_path", "location_id", "event_id", "date_override", "title", "caption", "livery", "caption_ai_assisted") VALUES ('2023-10-01-dsc08267-enhanced-nr', 'DSC08267-Enhanced-NR.jpeg', 'jp-kisarazu-airfield', 'jp-kisarazu-air-show-2023', NULL, '', 'JMSDF U-36A ("Cupid") prepares for takeoff from Kisarazu Airfield', '', 0);
INSERT INTO "photos" ("id", "source_path", "location_id", "event_id", "date_override", "title", "caption", "livery", "caption_ai_assisted") VALUES ('2023-10-01-dsc08272-enhanced-nr', 'DSC08272-Enhanced-NR.jpeg', 'jp-kisarazu-airfield', 'jp-kisarazu-air-show-2023', NULL, '', 'JMSDF U-36A ("Cupid") prepares for takeoff from Kisarazu Airfield', '', 0);
INSERT INTO "photos" ("id", "source_path", "location_id", "event_id", "date_override", "title", "caption", "livery", "caption_ai_assisted") VALUES ('2023-10-01-dsc08902-enhanced-nr', 'DSC08902-Enhanced-NR.jpeg', 'jp-kisarazu-airfield', 'jp-kisarazu-air-show-2023', NULL, '', 'JASDF Air Rescue UH-60J at Kisarazu Airfield', '', 0);
INSERT INTO "photos" ("id", "source_path", "location_id", "event_id", "date_override", "title", "caption", "livery", "caption_ai_assisted") VALUES ('2023-10-01-dsc09035-enhanced-nr', 'DSC09035-Enhanced-NR.jpeg', 'jp-kisarazu-airfield', 'jp-kisarazu-air-show-2023', NULL, '', 'A Mitsubishi UH-60J helicopter from the Air Rescue Wing hovers near the ground at Kisarazu Airfield as three JGSDF personnel in camouflage watch.', '', 0);
INSERT INTO "photos" ("id", "source_path", "location_id", "event_id", "date_override", "title", "caption", "livery", "caption_ai_assisted") VALUES ('2023-10-06-dsc00151-enhanced-nr', 'DSC00151-Enhanced-NR.jpeg', 'jp-komatsu-air-base', 'jp-komatsu-air-show-2023', NULL, '', 'A pair of JASDF F-15DJ Aggressors at Komatsu Air Base', '', 0);
INSERT INTO "photos" ("id", "source_path", "location_id", "event_id", "date_override", "title", "caption", "livery", "caption_ai_assisted") VALUES ('2023-10-06-dsc00543-enhanced-nr', 'DSC00543-Enhanced-NR.jpeg', 'jp-komatsu-air-base', 'jp-komatsu-air-show-2023', NULL, '', 'JASDF F-15DJ Aggressor (Green Camo livery) at Komatsu Air Base', '', 0);
INSERT INTO "photos" ("id", "source_path", "location_id", "event_id", "date_override", "title", "caption", "livery", "caption_ai_assisted") VALUES ('2023-10-06-dsc00584-enhanced-nr', 'DSC00584-Enhanced-NR.jpeg', 'jp-komatsu-air-base', 'jp-komatsu-air-show-2023', NULL, '', 'JASDF F-15DJ Aggressor (Pixel Blue livery) at Komatsu Air Base', '', 0);
INSERT INTO "photos" ("id", "source_path", "location_id", "event_id", "date_override", "title", "caption", "livery", "caption_ai_assisted") VALUES ('2023-10-06-dsc00619-enhanced-nr', 'DSC00619-Enhanced-NR.jpeg', 'jp-komatsu-air-base', 'jp-komatsu-air-show-2023', NULL, '', 'JASDF F-15DJ Aggressor (Green Camo livery) at Komatsu Air Base', '', 0);
INSERT INTO "photos" ("id", "source_path", "location_id", "event_id", "date_override", "title", "caption", "livery", "caption_ai_assisted") VALUES ('2023-10-06-dsc00945-enhanced-nr', 'DSC00945-Enhanced-NR.jpeg', 'jp-komatsu-air-base', 'jp-komatsu-air-show-2023', NULL, '', 'F-15J from 306 TFS during Komatsu Air Show', '', 0);
INSERT INTO "photos" ("id", "source_path", "location_id", "event_id", "date_override", "title", "caption", "livery", "caption_ai_assisted") VALUES ('2023-10-06-dsc00968-enhanced-nr-1', 'DSC00968-Enhanced-NR (1).jpeg', 'jp-komatsu-air-base', 'jp-komatsu-air-show-2023', NULL, '', 'F-15J from 306 TFS', '', 0);
INSERT INTO "photos" ("id", "source_path", "location_id", "event_id", "date_override", "title", "caption", "livery", "caption_ai_assisted") VALUES ('2023-10-06-dsc01185-enhanced-nr', 'DSC01185-Enhanced-NR.jpeg', 'jp-komatsu-air-base', 'jp-komatsu-air-show-2023', NULL, '', 'Fighter lineup at Komatsu Air Base', '', 0);
INSERT INTO "photos" ("id", "source_path", "location_id", "event_id", "date_override", "title", "caption", "livery", "caption_ai_assisted") VALUES ('2023-10-06-dsc01453-enhanced-nr', 'DSC01453-Enhanced-NR.jpeg', 'jp-komatsu-air-base', 'jp-komatsu-air-show-2023', NULL, '', 'A Mitsubishi F-2A from the Air Development and Test Wing lands at Komatsu Air Base with drag parachute deployed, carrying four captive ASM-2 missiles and two captive AAM-3 missiles', '', 0);
INSERT INTO "photos" ("id", "source_path", "location_id", "event_id", "date_override", "title", "caption", "livery", "caption_ai_assisted") VALUES ('2023-10-06-dsc01454-enhanced-nr', 'DSC01454-Enhanced-NR.jpeg', 'jp-komatsu-air-base', 'jp-komatsu-air-show-2023', NULL, '', 'A Mitsubishi F-2A from the Air Development and Test Wing lands at Komatsu Air Base with drag parachute deployed, carrying four captive ASM-2 missiles and two captive AAM-3 missiles', '', 0);
INSERT INTO "photos" ("id", "source_path", "location_id", "event_id", "date_override", "title", "caption", "livery", "caption_ai_assisted") VALUES ('2023-10-06-dsc01581-enhanced-nr', 'DSC01581-Enhanced-NR.jpeg', 'jp-komatsu-air-base', 'jp-komatsu-air-show-2023', NULL, '', 'A Mitsubishi F-2A taxis on the runway at Komatsu Air Base.', '', 0);
INSERT INTO "photos" ("id", "source_path", "location_id", "event_id", "date_override", "title", "caption", "livery", "caption_ai_assisted") VALUES ('2023-10-06-dsc01604-enhanced-nr', 'DSC01604-Enhanced-NR.jpeg', 'jp-komatsu-air-base', 'jp-komatsu-air-show-2023', NULL, '', 'P-1 MPA from Atsugi Air Base landing at Komatsu', '', 0);
INSERT INTO "photos" ("id", "source_path", "location_id", "event_id", "date_override", "title", "caption", "livery", "caption_ai_assisted") VALUES ('2023-10-06-dsc01681-enhanced-nr', 'DSC01681-Enhanced-NR.jpeg', 'jp-komatsu-air-base', 'jp-komatsu-air-show-2023', NULL, '', 'C-2 at Komatsu Air Base', '', 0);
INSERT INTO "photos" ("id", "source_path", "location_id", "event_id", "date_override", "title", "caption", "livery", "caption_ai_assisted") VALUES ('2023-10-06-dsc01693-enhanced-nr-1', 'DSC01693-Enhanced-NR (1).jpeg', 'jp-komatsu-air-base', 'jp-komatsu-air-show-2023', NULL, '', 'C-2 at Komatsu Air Base', '', 0);
INSERT INTO "photos" ("id", "source_path", "location_id", "event_id", "date_override", "title", "caption", "livery", "caption_ai_assisted") VALUES ('2023-10-06-dsc01758-enhanced-nr', 'DSC01758-Enhanced-NR.jpeg', 'jp-komatsu-air-base', 'jp-komatsu-air-show-2023', NULL, '', 'US-2 landing at Komatsu Air Base', '', 0);
INSERT INTO "photos" ("id", "source_path", "location_id", "event_id", "date_override", "title", "caption", "livery", "caption_ai_assisted") VALUES ('2023-10-06-dsc01818-enhanced-nr', 'DSC01818-Enhanced-NR.jpeg', 'jp-komatsu-air-base', 'jp-komatsu-air-show-2023', NULL, '', 'US-2 landing at Komatsu Air Base', '', 0);
INSERT INTO "photos" ("id", "source_path", "location_id", "event_id", "date_override", "title", "caption", "livery", "caption_ai_assisted") VALUES ('2023-10-06-dsc09277-enhanced-nr', 'DSC09277-Enhanced-NR.jpeg', 'jp-komatsu-air-base', 'jp-komatsu-air-show-2023', NULL, '', 'Mixed unit formation fly-by at Komatsu Air Base', '', 0);
INSERT INTO "photos" ("id", "source_path", "location_id", "event_id", "date_override", "title", "caption", "livery", "caption_ai_assisted") VALUES ('2023-10-06-dsc09299-enhanced-nr', 'DSC09299-Enhanced-NR.jpeg', 'jp-komatsu-air-base', 'jp-komatsu-air-show-2023', NULL, '', 'Mixed unit formation fly-by at Komatsu Air Base', '', 0);
INSERT INTO "photos" ("id", "source_path", "location_id", "event_id", "date_override", "title", "caption", "livery", "caption_ai_assisted") VALUES ('2023-10-06-dsc09323-enhanced-nr', 'DSC09323-Enhanced-NR.jpeg', 'jp-komatsu-air-base', 'jp-komatsu-air-show-2023', NULL, '', 'JASDF F-15DJ Aggressor (Flanker livery) at Komatsu Air Base', '', 0);
INSERT INTO "photos" ("id", "source_path", "location_id", "event_id", "date_override", "title", "caption", "livery", "caption_ai_assisted") VALUES ('2023-10-06-dsc09653-enhanced-nr', 'DSC09653-Enhanced-NR.jpeg', 'jp-komatsu-air-base', 'jp-komatsu-air-show-2023', NULL, '', 'JASDF F-15DJ Aggressor (Flanker livery) at Komatsu Air Base', '', 0);
INSERT INTO "photos" ("id", "source_path", "location_id", "event_id", "date_override", "title", "caption", "livery", "caption_ai_assisted") VALUES ('2023-10-06-dsc09714-enhanced-nr', 'DSC09714-Enhanced-NR.jpeg', 'jp-komatsu-air-base', 'jp-komatsu-air-show-2023', NULL, '', 'JASDF F-15DJ Aggressor (Flanker livery) at Komatsu Air Base', '', 0);
INSERT INTO "photos" ("id", "source_path", "location_id", "event_id", "date_override", "title", "caption", "livery", "caption_ai_assisted") VALUES ('2023-10-06-dsc09828-enhanced-nr', 'DSC09828-Enhanced-NR.jpeg', 'jp-komatsu-air-base', 'jp-komatsu-air-show-2023', NULL, '', 'Hawker U-125A from the Air Rescue Wing during a SAR demonstration at Komatsu Air Base.', '', 0);
INSERT INTO "photos" ("id", "source_path", "location_id", "event_id", "date_override", "title", "caption", "livery", "caption_ai_assisted") VALUES ('2023-10-06-dsc09830-enhanced-nr', 'DSC09830-Enhanced-NR.jpeg', 'jp-komatsu-air-base', 'jp-komatsu-air-show-2023', NULL, '', 'Hawker U-125A from the Air Rescue Wing conducts a SAR demonstration at Komatsu Air Base', '', 0);
INSERT INTO "photos" ("id", "source_path", "location_id", "event_id", "date_override", "title", "caption", "livery", "caption_ai_assisted") VALUES ('2023-10-07-dsc01871-enhanced-nr', 'DSC01871-Enhanced-NR.jpeg', 'jp-komatsu-air-base', 'jp-komatsu-air-show-2023', NULL, '', 'F-15J from 303 TFS', '', 0);
INSERT INTO "photos" ("id", "source_path", "location_id", "event_id", "date_override", "title", "caption", "livery", "caption_ai_assisted") VALUES ('2023-10-07-dsc01985-enhanced-nr', 'DSC01985-Enhanced-NR.jpeg', 'jp-komatsu-air-base', 'jp-komatsu-air-show-2023', NULL, '', 'F-15J from 303 TFS', '', 0);
INSERT INTO "photos" ("id", "source_path", "location_id", "event_id", "date_override", "title", "caption", "livery", "caption_ai_assisted") VALUES ('2023-10-07-dsc01992-enhanced-nr', 'DSC01992-Enhanced-NR.jpeg', 'jp-komatsu-air-base', 'jp-komatsu-air-show-2023', NULL, '', 'F-15J from 303 TFS', '', 0);
INSERT INTO "photos" ("id", "source_path", "location_id", "event_id", "date_override", "title", "caption", "livery", "caption_ai_assisted") VALUES ('2023-10-07-dsc02121-enhanced-nr', 'DSC02121-Enhanced-NR.jpg', 'jp-komatsu-air-base', 'jp-komatsu-air-show-2023', NULL, '', 'F-15J from 303 TFS taking off from Komatsu Air Base', '', 0);
INSERT INTO "photos" ("id", "source_path", "location_id", "event_id", "date_override", "title", "caption", "livery", "caption_ai_assisted") VALUES ('2023-10-07-dsc02141-enhanced-nr', 'DSC02141-Enhanced-NR.jpg', 'jp-komatsu-air-base', 'jp-komatsu-air-show-2023', NULL, '', 'F-15J from 306 TFS taking off from Komatsu Air Base', '', 0);
INSERT INTO "photos" ("id", "source_path", "location_id", "event_id", "date_override", "title", "caption", "livery", "caption_ai_assisted") VALUES ('2023-10-07-dsc02153-enhanced-nr', 'QC_DSC02153-Enhanced-NR.jpg', 'jp-komatsu-air-base', 'jp-komatsu-air-show-2023', NULL, '', 'F-15J from 306 TFS taking off from Komatsu Air Base', '', 0);
INSERT INTO "photos" ("id", "source_path", "location_id", "event_id", "date_override", "title", "caption", "livery", "caption_ai_assisted") VALUES ('2023-10-07-dsc02171-enhanced-nr', 'QC_DSC02171-Enhanced-NR.jpg', 'jp-komatsu-air-base', 'jp-komatsu-air-show-2023', NULL, '', 'F-15J from 306 TFS taking off from Komatsu Air Base', '', 0);
INSERT INTO "photos" ("id", "source_path", "location_id", "event_id", "date_override", "title", "caption", "livery", "caption_ai_assisted") VALUES ('2023-10-07-dsc02176-enhanced-nr', 'DSC02176-Enhanced-NR.jpeg', 'jp-komatsu-air-base', 'jp-komatsu-air-show-2023', NULL, '', 'F-15DJ Aggressor taking off from Komatsu Air Base', '', 0);
INSERT INTO "photos" ("id", "source_path", "location_id", "event_id", "date_override", "title", "caption", "livery", "caption_ai_assisted") VALUES ('2023-10-07-dsc02194-enhanced-nr', 'DSC02194-Enhanced-NR.jpeg', 'jp-komatsu-air-base', 'jp-komatsu-air-show-2023', NULL, '', 'JASDF F-15DJ Aggressor (Flanker livery) at Komatsu Air Base', '', 0);
INSERT INTO "photos" ("id", "source_path", "location_id", "event_id", "date_override", "title", "caption", "livery", "caption_ai_assisted") VALUES ('2023-10-07-dsc02213-enhanced-nr', 'DSC02213-Enhanced-NR.jpeg', 'jp-komatsu-air-base', 'jp-komatsu-air-show-2023', NULL, '', 'JASDF F-15DJ Aggressor (Flanker livery) at Komatsu Air Base', '', 0);
INSERT INTO "photos" ("id", "source_path", "location_id", "event_id", "date_override", "title", "caption", "livery", "caption_ai_assisted") VALUES ('2023-10-07-dsc02254-enhanced-nr', 'DSC02254-Enhanced-NR.jpeg', 'jp-komatsu-air-base', 'jp-komatsu-air-show-2023', NULL, '', 'JASDF F-15DJ Aggressor (Black livery) at Komatsu Air Base', '', 0);
INSERT INTO "photos" ("id", "source_path", "location_id", "event_id", "date_override", "title", "caption", "livery", "caption_ai_assisted") VALUES ('2023-10-07-dsc02272-enhanced-nr', 'DSC02272-Enhanced-NR.jpeg', 'jp-komatsu-air-base', 'jp-komatsu-air-show-2023', NULL, '', 'JASDF F-15DJ Aggressor (Black livery) at Komatsu Air Base', '', 0);
INSERT INTO "photos" ("id", "source_path", "location_id", "event_id", "date_override", "title", "caption", "livery", "caption_ai_assisted") VALUES ('2023-10-07-dsc02324-enhanced-nr', 'DSC02324-Enhanced-NR.jpeg', 'jp-komatsu-air-base', 'jp-komatsu-air-show-2023', NULL, '', 'F-15J from 303 TFS', '', 0);
INSERT INTO "photos" ("id", "source_path", "location_id", "event_id", "date_override", "title", "caption", "livery", "caption_ai_assisted") VALUES ('2023-10-07-dsc02379-enhanced-nr', 'DSC02379-Enhanced-NR.jpeg', 'jp-komatsu-air-base', 'jp-komatsu-air-show-2023', NULL, '', 'F-15J from 306 TFS during Komatsu Air Show', '', 0);
INSERT INTO "photos" ("id", "source_path", "location_id", "event_id", "date_override", "title", "caption", "livery", "caption_ai_assisted") VALUES ('2023-10-07-dsc02421-enhanced-nr', 'DSC02421-Enhanced-NR.jpeg', 'jp-komatsu-air-base', 'jp-komatsu-air-show-2023', NULL, '', 'A pair of JASDF F-15DJ Aggressors at Komatsu Air Base', '', 0);
INSERT INTO "photos" ("id", "source_path", "location_id", "event_id", "date_override", "title", "caption", "livery", "caption_ai_assisted") VALUES ('2023-10-07-dsc02504-enhanced-nr', 'DSC02504-Enhanced-NR.jpeg', 'jp-komatsu-air-base', 'jp-komatsu-air-show-2023', NULL, '', 'F-15J from 303 TFS', '', 0);
INSERT INTO "photos" ("id", "source_path", "location_id", "event_id", "date_override", "title", "caption", "livery", "caption_ai_assisted") VALUES ('2023-10-07-dsc02568-enhanced-nr', 'DSC02568-Enhanced-NR.jpeg', 'jp-komatsu-air-base', 'jp-komatsu-air-show-2023', NULL, '', 'F-15J from 306 TFS during Komatsu Air Show', '', 0);
INSERT INTO "photos" ("id", "source_path", "location_id", "event_id", "date_override", "title", "caption", "livery", "caption_ai_assisted") VALUES ('2023-10-07-dsc02632-enhanced-nr', 'DSC02632-Enhanced-NR.jpeg', 'jp-komatsu-air-base', 'jp-komatsu-air-show-2023', NULL, '', 'A pair of JASDF F-15DJ Aggressors at Komatsu Air Base', '', 0);
INSERT INTO "photos" ("id", "source_path", "location_id", "event_id", "date_override", "title", "caption", "livery", "caption_ai_assisted") VALUES ('2023-10-07-dsc02710-enhanced-nr', 'DSC02710-Enhanced-NR.jpeg', 'jp-komatsu-air-base', 'jp-komatsu-air-show-2023', NULL, '', 'Mixed unit formation fly-by at Komatsu Air Base', '', 0);
INSERT INTO "photos" ("id", "source_path", "location_id", "event_id", "date_override", "title", "caption", "livery", "caption_ai_assisted") VALUES ('2023-10-07-dsc02759-enhanced-nr', 'DSC02759-Enhanced-NR.jpeg', 'jp-komatsu-air-base', 'jp-komatsu-air-show-2023', NULL, '', 'Mixed unit formation fly-by at Komatsu Air Base', '', 0);
INSERT INTO "photos" ("id", "source_path", "location_id", "event_id", "date_override", "title", "caption", "livery", "caption_ai_assisted") VALUES ('2023-10-07-dsc02799-enhanced-nr', 'DSC02799-Enhanced-NR.jpeg', 'jp-komatsu-air-base', 'jp-komatsu-air-show-2023', NULL, '', 'F-15J from 303 TFS', '', 0);
INSERT INTO "photos" ("id", "source_path", "location_id", "event_id", "date_override", "title", "caption", "livery", "caption_ai_assisted") VALUES ('2023-10-07-dsc02821-enhanced-nr', 'DSC02821-Enhanced-NR.jpeg', 'jp-komatsu-air-base', 'jp-komatsu-air-show-2023', NULL, '', 'F-15J from 303 TFS', '', 0);
INSERT INTO "photos" ("id", "source_path", "location_id", "event_id", "date_override", "title", "caption", "livery", "caption_ai_assisted") VALUES ('2023-10-07-dsc02855-enhanced-nr', 'DSC02855-Enhanced-NR.jpeg', 'jp-komatsu-air-base', 'jp-komatsu-air-show-2023', NULL, '', 'F-15J from 303 TFS', '', 0);
INSERT INTO "photos" ("id", "source_path", "location_id", "event_id", "date_override", "title", "caption", "livery", "caption_ai_assisted") VALUES ('2023-10-07-dsc02895-enhanced-nr', 'DSC02895-Enhanced-NR.jpeg', 'jp-komatsu-air-base', 'jp-komatsu-air-show-2023', NULL, '', 'JASDF F-15DJ Aggressor (Black livery) at Komatsu Air Base', '', 0);
INSERT INTO "photos" ("id", "source_path", "location_id", "event_id", "date_override", "title", "caption", "livery", "caption_ai_assisted") VALUES ('2023-10-07-dsc02988-enhanced-nr', 'DSC02988-Enhanced-NR.jpeg', 'jp-komatsu-air-base', 'jp-komatsu-air-show-2023', NULL, '', 'U-125A during a SAR demo at Komatsu Air Base', '', 0);
INSERT INTO "photos" ("id", "source_path", "location_id", "event_id", "date_override", "title", "caption", "livery", "caption_ai_assisted") VALUES ('2023-10-07-dsc02996-enhanced-nr', 'DSC02996-Enhanced-NR.jpeg', 'jp-komatsu-air-base', 'jp-komatsu-air-show-2023', NULL, '', 'U-125A during a SAR demo at Komatsu Air Base', '', 0);
INSERT INTO "photos" ("id", "source_path", "location_id", "event_id", "date_override", "title", "caption", "livery", "caption_ai_assisted") VALUES ('2023-10-07-dsc03063-enhanced-nr', 'DSC03063-Enhanced-NR.jpeg', 'jp-komatsu-air-base', 'jp-komatsu-air-show-2023', NULL, '', 'Mitsubishi UH-60J helicopter during a SAR demo at Komatsu Air Base', '', 0);
INSERT INTO "photos" ("id", "source_path", "location_id", "event_id", "date_override", "title", "caption", "livery", "caption_ai_assisted") VALUES ('2023-10-07-dsc03109-enhanced-nr', 'DSC03109-Enhanced-NR.jpeg', 'jp-komatsu-air-base', 'jp-komatsu-air-show-2023', NULL, '', 'Mitsubishi UH-60J helicopter during a SAR demo at Komatsu Air Base', '', 0);
INSERT INTO "photos" ("id", "source_path", "location_id", "event_id", "date_override", "title", "caption", "livery", "caption_ai_assisted") VALUES ('2023-10-07-dsc03175-enhanced-nr', 'DSC03175-Enhanced-NR.jpeg', 'jp-komatsu-air-base', 'jp-komatsu-air-show-2023', NULL, '', 'Mitsubishi UH-60J helicopter during a SAR demo at Komatsu Air Base', '', 0);
INSERT INTO "photos" ("id", "source_path", "location_id", "event_id", "date_override", "title", "caption", "livery", "caption_ai_assisted") VALUES ('2023-10-07-dsc03198-enhanced-nr', 'DSC03198-Enhanced-NR.jpeg', 'jp-komatsu-air-base', 'jp-komatsu-air-show-2023', NULL, '', 'Mitsubishi UH-60J helicopter during a SAR demo at Komatsu Air Base', '', 0);
INSERT INTO "photos" ("id", "source_path", "location_id", "event_id", "date_override", "title", "caption", "livery", "caption_ai_assisted") VALUES ('2023-10-07-dsc03237-enhanced-nr', 'DSC03237-Enhanced-NR.jpeg', 'jp-komatsu-air-base', 'jp-komatsu-air-show-2023', NULL, '', 'A pair of JASDF F-15DJ Aggressors at Komatsu Air Base', '', 0);
INSERT INTO "photos" ("id", "source_path", "location_id", "event_id", "date_override", "title", "caption", "livery", "caption_ai_assisted") VALUES ('2023-10-07-dsc03247-enhanced-nr', 'DSC03247-Enhanced-NR.jpeg', 'jp-komatsu-air-base', 'jp-komatsu-air-show-2023', NULL, '', 'A pair of JASDF F-15DJ Aggressors at Komatsu Air Base', '', 0);
INSERT INTO "photos" ("id", "source_path", "location_id", "event_id", "date_override", "title", "caption", "livery", "caption_ai_assisted") VALUES ('2023-10-07-dsc03278-enhanced-nr', 'DSC03278-Enhanced-NR.jpeg', 'jp-komatsu-air-base', 'jp-komatsu-air-show-2023', NULL, '', 'JASDF F-15DJ Aggressor (Green Camo livery) at Komatsu Air Base', '', 0);
INSERT INTO "photos" ("id", "source_path", "location_id", "event_id", "date_override", "title", "caption", "livery", "caption_ai_assisted") VALUES ('2023-10-07-dsc03330-enhanced-nr', 'QC_DSC03330-Enhanced-NR.jpeg', 'jp-komatsu-air-base', 'jp-komatsu-air-show-2023', NULL, '', 'JASDF F-15DJ Aggressor (Pixel Blue livery) at Komatsu Air Base', '', 0);
INSERT INTO "photos" ("id", "source_path", "location_id", "event_id", "date_override", "title", "caption", "livery", "caption_ai_assisted") VALUES ('2023-10-07-dsc03401-enhanced-nr', 'QC_DSC03401-Enhanced-NR.jpeg', 'jp-komatsu-air-base', 'jp-komatsu-air-show-2023', NULL, '', 'JASDF F-15DJ Aggressor (Green Camo livery) at Komatsu Air Base', '', 0);
INSERT INTO "photos" ("id", "source_path", "location_id", "event_id", "date_override", "title", "caption", "livery", "caption_ai_assisted") VALUES ('2023-10-07-dsc03472-enhanced-nr', 'QC_DSC03472-Enhanced-NR.jpeg', 'jp-komatsu-air-base', 'jp-komatsu-air-show-2023', NULL, '', 'JASDF F-15DJ Aggressor (Pixel Blue livery) at Komatsu Air Base', '', 0);
INSERT INTO "photos" ("id", "source_path", "location_id", "event_id", "date_override", "title", "caption", "livery", "caption_ai_assisted") VALUES ('2023-10-07-dsc03622-enhanced-nr', 'DSC03622-Enhanced-NR.jpeg', 'jp-komatsu-air-base', 'jp-komatsu-air-show-2023', NULL, '', 'JASDF F-15DJ Aggressor (Pixel Blue livery) at Komatsu Air Base', '', 0);
INSERT INTO "photos" ("id", "source_path", "location_id", "event_id", "date_override", "title", "caption", "livery", "caption_ai_assisted") VALUES ('2023-10-07-dsc03648-enhanced-nr', 'DSC03648-Enhanced-NR.jpeg', 'jp-komatsu-air-base', 'jp-komatsu-air-show-2023', NULL, '', 'JASDF F-15DJ Aggressor (Pixel Blue livery) at Komatsu Air Base', '', 0);
INSERT INTO "photos" ("id", "source_path", "location_id", "event_id", "date_override", "title", "caption", "livery", "caption_ai_assisted") VALUES ('2023-10-07-dsc03676-enhanced-nr', 'DSC03676-Enhanced-NR.jpeg', 'jp-komatsu-air-base', 'jp-komatsu-air-show-2023', NULL, '', 'JASDF F-15DJ Aggressor (Green Camo livery) at Komatsu Air Base', '', 0);
INSERT INTO "photos" ("id", "source_path", "location_id", "event_id", "date_override", "title", "caption", "livery", "caption_ai_assisted") VALUES ('2023-10-07-dsc03729-enhanced-nr', 'DSC03729-Enhanced-NR.jpeg', 'jp-komatsu-air-base', 'jp-komatsu-air-show-2023', NULL, '', 'JASDF F-15DJ Aggressor (Pixel Blue livery) at Komatsu Air Base', '', 0);
INSERT INTO "photos" ("id", "source_path", "location_id", "event_id", "date_override", "title", "caption", "livery", "caption_ai_assisted") VALUES ('2023-10-07-dsc03743-enhanced-nr', 'DSC03743-Enhanced-NR.jpeg', 'jp-komatsu-air-base', 'jp-komatsu-air-show-2023', NULL, '', 'JASDF F-15DJ Aggressor (Green Camo livery) at Komatsu Air Base', '', 0);
INSERT INTO "photos" ("id", "source_path", "location_id", "event_id", "date_override", "title", "caption", "livery", "caption_ai_assisted") VALUES ('2023-10-07-dsc03751-enhanced-nr', 'DSC03751-Enhanced-NR.jpeg', 'jp-komatsu-air-base', 'jp-komatsu-air-show-2023', NULL, '', 'F-15J from 303 TFS', '', 0);
INSERT INTO "photos" ("id", "source_path", "location_id", "event_id", "date_override", "title", "caption", "livery", "caption_ai_assisted") VALUES ('2023-10-07-dsc03757-enhanced-nr', 'DSC03757-Enhanced-NR.jpeg', 'jp-komatsu-air-base', 'jp-komatsu-air-show-2023', NULL, '', 'F-15J from 303 TFS', '', 0);
INSERT INTO "photos" ("id", "source_path", "location_id", "event_id", "date_override", "title", "caption", "livery", "caption_ai_assisted") VALUES ('2023-10-07-dsc03783-enhanced-nr', 'QC_DSC03783-Enhanced-NR.jpeg', 'jp-komatsu-air-base', 'jp-komatsu-air-show-2023', NULL, '', 'F-15J from 303 TFS', '', 0);
INSERT INTO "photos" ("id", "source_path", "location_id", "event_id", "date_override", "title", "caption", "livery", "caption_ai_assisted") VALUES ('2023-10-07-dsc03869-enhanced-nr', 'QC_DSC03869-Enhanced-NR.jpeg', 'jp-komatsu-air-base', 'jp-komatsu-air-show-2023', NULL, '', 'F-15J from 303 TFS', '', 0);
INSERT INTO "photos" ("id", "source_path", "location_id", "event_id", "date_override", "title", "caption", "livery", "caption_ai_assisted") VALUES ('2023-10-07-dsc03888-enhanced-nr', 'QC_DSC03888-Enhanced-NR.jpeg', 'jp-komatsu-air-base', 'jp-komatsu-air-show-2023', NULL, '', 'F-15J from 303 TFS', '', 0);
INSERT INTO "photos" ("id", "source_path", "location_id", "event_id", "date_override", "title", "caption", "livery", "caption_ai_assisted") VALUES ('2023-10-07-dsc04048-enhanced-nr', 'DSC04048-Enhanced-NR.jpeg', 'jp-komatsu-air-base', 'jp-komatsu-air-show-2023', NULL, '', 'F-15J from 303 TFS', '', 0);
INSERT INTO "photos" ("id", "source_path", "location_id", "event_id", "date_override", "title", "caption", "livery", "caption_ai_assisted") VALUES ('2023-10-07-dsc04079-enhanced-nr', 'DSC04079-Enhanced-NR.jpeg', 'jp-komatsu-air-base', 'jp-komatsu-air-show-2023', NULL, '', 'F-15J from 303 TFS', '', 0);
INSERT INTO "photos" ("id", "source_path", "location_id", "event_id", "date_override", "title", "caption", "livery", "caption_ai_assisted") VALUES ('2023-10-07-dsc04272-enhanced-nr', 'DSC04272-Enhanced-NR.jpeg', 'jp-komatsu-air-base', 'jp-komatsu-air-show-2023', NULL, '', 'F-15J from 306 TFS during Komatsu Air Show', '', 0);
INSERT INTO "photos" ("id", "source_path", "location_id", "event_id", "date_override", "title", "caption", "livery", "caption_ai_assisted") VALUES ('2023-10-07-dsc04275-enhanced-nr-1', 'DSC04275-Enhanced-NR (1).jpeg', 'jp-komatsu-air-base', 'jp-komatsu-air-show-2023', NULL, '', 'F-15J from 306 TFS during Komatsu Air Show', '', 0);
INSERT INTO "photos" ("id", "source_path", "location_id", "event_id", "date_override", "title", "caption", "livery", "caption_ai_assisted") VALUES ('2023-10-07-dsc04312-enhanced-nr', 'DSC04312-Enhanced-NR.jpg', 'jp-komatsu-air-base', 'jp-komatsu-air-show-2023', NULL, '', 'F-15J from 306 TFS performing a low pass', '', 0);
INSERT INTO "photos" ("id", "source_path", "location_id", "event_id", "date_override", "title", "caption", "livery", "caption_ai_assisted") VALUES ('2023-10-07-dsc04539-enhanced-nr-1', 'DSC04539-Enhanced-NR (1).jpeg', 'jp-komatsu-air-base', 'jp-komatsu-air-show-2023', NULL, '', 'F-15J from 306 TFS during Komatsu Air Show', '', 0);
INSERT INTO "photos" ("id", "source_path", "location_id", "event_id", "date_override", "title", "caption", "livery", "caption_ai_assisted") VALUES ('2023-10-07-dsc04572-enhanced-nr', 'DSC04572-Enhanced-NR.jpeg', 'jp-komatsu-air-base', 'jp-komatsu-air-show-2023', NULL, '', 'F-15J from 306 TFS during Komatsu Air Show', '', 0);
INSERT INTO "photos" ("id", "source_path", "location_id", "event_id", "date_override", "title", "caption", "livery", "caption_ai_assisted") VALUES ('2023-10-07-dsc04591-enhanced-nr', 'DSC04591-Enhanced-NR.jpeg', 'jp-komatsu-air-base', 'jp-komatsu-air-show-2023', NULL, '', 'F-15J from 306 TFS during Komatsu Air Show', '', 0);
INSERT INTO "photos" ("id", "source_path", "location_id", "event_id", "date_override", "title", "caption", "livery", "caption_ai_assisted") VALUES ('2023-10-07-dsc04609-enhanced-nr', 'DSC04609-Enhanced-NR.jpeg', 'jp-komatsu-air-base', 'jp-komatsu-air-show-2023', NULL, '', 'F-15J from 306 TFS during Komatsu Air Show', '', 0);
INSERT INTO "photos" ("id", "source_path", "location_id", "event_id", "date_override", "title", "caption", "livery", "caption_ai_assisted") VALUES ('2023-10-07-dsc04612-enhanced-nr', 'DSC04612-Enhanced-NR.jpeg', 'jp-komatsu-air-base', 'jp-komatsu-air-show-2023', NULL, '', 'F-15J from 306 TFS during Komatsu Air Show', '', 0);
INSERT INTO "photos" ("id", "source_path", "location_id", "event_id", "date_override", "title", "caption", "livery", "caption_ai_assisted") VALUES ('2023-10-21-dsc00503-enhanced-nr', 'DSC00503-Enhanced-NR.jpeg', 'jp-atsugi-air-base', NULL, NULL, '', 'P-1 MPA taking off from Atsugi Air Base', '', 0);
INSERT INTO "photos" ("id", "source_path", "location_id", "event_id", "date_override", "title", "caption", "livery", "caption_ai_assisted") VALUES ('2023-10-21-dsc00528-enhanced-nr-1', 'DSC00528-Enhanced-NR (1).jpeg', 'jp-atsugi-air-base', NULL, NULL, '', 'P-1 MPA taking off from Atsugi Air Base', '', 0);
INSERT INTO "photos" ("id", "source_path", "location_id", "event_id", "date_override", "title", "caption", "livery", "caption_ai_assisted") VALUES ('2023-10-21-dsc00638-enhanced-nr', 'DSC00638-Enhanced-NR.jpeg', 'jp-atsugi-air-base', NULL, NULL, '', 'UP-1 (originally XP-1, assigned as the prototype for the Kawasaki P-1) operated by the Air Development Squadron 51 (VX-51) at Atsugi Air Base.', '', 0);
INSERT INTO "photos" ("id", "source_path", "location_id", "event_id", "date_override", "title", "caption", "livery", "caption_ai_assisted") VALUES ('2023-10-29-dsc01458-enhanced-nr-1', 'DSC01458-Enhanced-NR (1).jpeg', 'jp-hamamatsu-air-base', 'jp-hamamatsu-air-show-2023', NULL, '', 'E-767 at Hamamatsu Air Base', '', 0);
INSERT INTO "photos" ("id", "source_path", "location_id", "event_id", "date_override", "title", "caption", "livery", "caption_ai_assisted") VALUES ('2023-11-04-dsc06871-enhanced-nr', 'DSC06871-Enhanced-NR.jpeg', 'jp-iruma-air-base', NULL, NULL, '', 'A Kawasaki UP-3D from the 51st Fleet Air Squadron, marked 9161, taxiing after landing at Iruma Air Base.', '', 0);
INSERT INTO "photos" ("id", "source_path", "location_id", "event_id", "date_override", "title", "caption", "livery", "caption_ai_assisted") VALUES ('2023-11-04-dsc06896-enhanced-nr', 'DSC06896-Enhanced-NR.jpeg', 'jp-iruma-air-base', NULL, NULL, '', 'A Kawasaki UP-3D from the 51st Fleet Air Squadron, marked 9161, taxiing after landing at Iruma Air Base.', '', 0);
INSERT INTO "photos" ("id", "source_path", "location_id", "event_id", "date_override", "title", "caption", "livery", "caption_ai_assisted") VALUES ('2023-11-11-dsc07202-enhanced-nr', 'DSC07202-Enhanced-NR.jpeg', 'jp-gifu-air-base', 'jp-gifu-air-show-2023', NULL, '', 'ADTW Mitsubishi F-2A flies over forested mountains', '', 0);
INSERT INTO "photos" ("id", "source_path", "location_id", "event_id", "date_override", "title", "caption", "livery", "caption_ai_assisted") VALUES ('2023-11-11-dsc07205-enhanced-nr', 'DSC07205-Enhanced-NR.jpeg', 'jp-gifu-air-base', 'jp-gifu-air-show-2023', NULL, '', 'Mitsubishi F-15J Eagle from the Air Development and Test Wing climbs over Gifu Air Base', '', 0);
INSERT INTO "photos" ("id", "source_path", "location_id", "event_id", "date_override", "title", "caption", "livery", "caption_ai_assisted") VALUES ('2023-11-11-dsc07295-enhanced-nr', 'DSC07295-Enhanced-NR.jpeg', 'jp-gifu-air-base', 'jp-gifu-air-show-2023', NULL, '', 'F-15J making low pass over Gifu Air Base during an airshow rehearsal', '', 0);
INSERT INTO "photos" ("id", "source_path", "location_id", "event_id", "date_override", "title", "caption", "livery", "caption_ai_assisted") VALUES ('2023-11-11-dsc07403-enhanced-nr', 'DSC07403-Enhanced-NR.jpeg', 'jp-gifu-air-base', 'jp-gifu-air-show-2023', NULL, '', 'ADTW F-2A taking off from Gifu Air Base', '', 0);
INSERT INTO "photos" ("id", "source_path", "location_id", "event_id", "date_override", "title", "caption", "livery", "caption_ai_assisted") VALUES ('2023-11-11-dsc07562-enhanced-nr-1', 'QC_DSC07562-Enhanced-NR (1).jpeg', 'jp-gifu-air-base', 'jp-gifu-air-show-2023', NULL, '', 'ADTW F-2A taxiing at Gifu Air Base', '', 0);
INSERT INTO "photos" ("id", "source_path", "location_id", "event_id", "date_override", "title", "caption", "livery", "caption_ai_assisted") VALUES ('2023-11-11-dsc07575-enhanced-nr', 'QC_DSC07575-Enhanced-NR.jpeg', 'jp-gifu-air-base', 'jp-gifu-air-show-2023', NULL, '', 'ADTW F-15J at Gifu Air Base', '', 0);
INSERT INTO "photos" ("id", "source_path", "location_id", "event_id", "date_override", "title", "caption", "livery", "caption_ai_assisted") VALUES ('2023-11-11-dsc08070-enhanced-nr', 'DSC08070-Enhanced-NR.jpeg', 'jp-gifu-air-base', 'jp-gifu-air-show-2023', NULL, '', 'Blue Impulse at Gifu Air Base', '', 0);
INSERT INTO "photos" ("id", "source_path", "location_id", "event_id", "date_override", "title", "caption", "livery", "caption_ai_assisted") VALUES ('2023-11-12-dsc00093-enhanced-nr', 'DSC00093-Enhanced-NR.jpeg', 'jp-gifu-air-base', 'jp-gifu-air-show-2023', NULL, '', 'U-125A during a SAR demo at Gifu Air Base', '', 0);
INSERT INTO "photos" ("id", "source_path", "location_id", "event_id", "date_override", "title", "caption", "livery", "caption_ai_assisted") VALUES ('2023-11-12-dsc00239-enhanced-nr', 'DSC00239-Enhanced-NR.jpeg', 'jp-gifu-air-base', 'jp-gifu-air-show-2023', NULL, '', 'A pair of ADTW F-2B take off in formation at Gifu Air Base', '', 0);
INSERT INTO "photos" ("id", "source_path", "location_id", "event_id", "date_override", "title", "caption", "livery", "caption_ai_assisted") VALUES ('2023-11-12-dsc00354-enhanced-nr', 'DSC00354-Enhanced-NR.jpeg', 'jp-gifu-air-base', 'jp-gifu-air-show-2023', NULL, '', 'Two Mitsubishi F-15J Eagles from the Air Development and Test Wing break after a formation take-off at Gifu Air Base', '', 0);
INSERT INTO "photos" ("id", "source_path", "location_id", "event_id", "date_override", "title", "caption", "livery", "caption_ai_assisted") VALUES ('2023-11-12-dsc00673-enhanced-nr-1', 'QC_DSC00673-Enhanced-NR (1).jpeg', 'jp-gifu-air-base', 'jp-gifu-air-show-2023', NULL, '', 'Mitsubishi F-2A from the Air Development and Test Wing at Gifu Air Base', '', 0);
INSERT INTO "photos" ("id", "source_path", "location_id", "event_id", "date_override", "title", "caption", "livery", "caption_ai_assisted") VALUES ('2023-11-12-dsc00693-enhanced-nr', 'DSC00693-Enhanced-NR.jpeg', 'jp-gifu-air-base', 'jp-gifu-air-show-2023', NULL, '', 'ADTW F-2A banks steeply in flight at Gifu Air Base', '', 0);
INSERT INTO "photos" ("id", "source_path", "location_id", "event_id", "date_override", "title", "caption", "livery", "caption_ai_assisted") VALUES ('2023-11-12-dsc00700-enhanced-nr', 'DSC00700-Enhanced-NR.jpeg', 'jp-gifu-air-base', 'jp-gifu-air-show-2023', NULL, '', 'Mitsubishi F-2A from the Air Development and Test Wing at Gifu Air Base', '', 0);
INSERT INTO "photos" ("id", "source_path", "location_id", "event_id", "date_override", "title", "caption", "livery", "caption_ai_assisted") VALUES ('2023-11-12-dsc00703-enhanced-nr-1', 'QC_DSC00703-Enhanced-NR (1).jpeg', 'jp-gifu-air-base', 'jp-gifu-air-show-2023', NULL, '', 'Mitsubishi F-2A of the Air Development and Test Wing at Gifu Air Base', '', 0);
INSERT INTO "photos" ("id", "source_path", "location_id", "event_id", "date_override", "title", "caption", "livery", "caption_ai_assisted") VALUES ('2023-11-12-dsc00722-enhanced-nr', 'QC_DSC00722-Enhanced-NR.jpeg', 'jp-gifu-air-base', 'jp-gifu-air-show-2023', NULL, '', 'Mitsubishi F-2A ADTW at Gifu Air Base', '', 0);
INSERT INTO "photos" ("id", "source_path", "location_id", "event_id", "date_override", "title", "caption", "livery", "caption_ai_assisted") VALUES ('2023-11-12-dsc00962-enhanced-nr', 'DSC00962-Enhanced-NR.jpeg', 'jp-gifu-air-base', 'jp-gifu-air-show-2023', NULL, '', 'ADTW Formation Fly-by', '', 0);
INSERT INTO "photos" ("id", "source_path", "location_id", "event_id", "date_override", "title", "caption", "livery", "caption_ai_assisted") VALUES ('2023-11-12-dsc01085-enhanced-nr', 'DSC01085-Enhanced-NR.jpeg', 'jp-gifu-air-base', 'jp-gifu-air-show-2023', NULL, '', 'Kawasaki C-2 from ADTW performing a fly-by', '', 0);
INSERT INTO "photos" ("id", "source_path", "location_id", "event_id", "date_override", "title", "caption", "livery", "caption_ai_assisted") VALUES ('2023-11-12-dsc01092-enhanced-nr', 'DSC01092-Enhanced-NR.jpeg', 'jp-gifu-air-base', 'jp-gifu-air-show-2023', NULL, '', 'Kawasaki C-2 from ADTW performing a fly-by', '', 0);
INSERT INTO "photos" ("id", "source_path", "location_id", "event_id", "date_override", "title", "caption", "livery", "caption_ai_assisted") VALUES ('2023-11-12-dsc01119-enhanced-nr', 'DSC01119-Enhanced-NR.jpeg', 'jp-gifu-air-base', 'jp-gifu-air-show-2023', NULL, '', 'Kawasaki C-2 from ADTW performing a fly-by', '', 0);
INSERT INTO "photos" ("id", "source_path", "location_id", "event_id", "date_override", "title", "caption", "livery", "caption_ai_assisted") VALUES ('2023-11-12-dsc01140-enhanced-nr', 'DSC01140-Enhanced-NR.jpeg', 'jp-gifu-air-base', 'jp-gifu-air-show-2023', NULL, '', 'ADTW C-2 fly-by at Gifu Air Base', '', 0);
INSERT INTO "photos" ("id", "source_path", "location_id", "event_id", "date_override", "title", "caption", "livery", "caption_ai_assisted") VALUES ('2023-11-12-dsc01206-enhanced-nr', 'DSC01206-Enhanced-NR.jpg', 'jp-gifu-air-base', 'jp-gifu-air-show-2023', NULL, '', 'Mixed ADTW formation during Gifu Air Show', '', 0);
INSERT INTO "photos" ("id", "source_path", "location_id", "event_id", "date_override", "title", "caption", "livery", "caption_ai_assisted") VALUES ('2023-11-12-dsc01224-enhanced-nr', 'DSC01224-Enhanced-NR.jpg', 'jp-gifu-air-base', 'jp-gifu-air-show-2023', NULL, '', 'Mixed ADTW formation during Gifu Air Show', '', 0);
INSERT INTO "photos" ("id", "source_path", "location_id", "event_id", "date_override", "title", "caption", "livery", "caption_ai_assisted") VALUES ('2023-11-12-dsc01240-enhanced-nr', 'DSC01240-Enhanced-NR.jpg', 'jp-gifu-air-base', 'jp-gifu-air-show-2023', NULL, '', 'Mixed ADTW formation during Gifu Air Show', '', 0);
INSERT INTO "photos" ("id", "source_path", "location_id", "event_id", "date_override", "title", "caption", "livery", "caption_ai_assisted") VALUES ('2023-11-12-dsc01248-enhanced-nr', 'DSC01248-Enhanced-NR.jpg', 'jp-gifu-air-base', 'jp-gifu-air-show-2023', NULL, '', 'Mixed ADTW formation during Gifu Air Show', '', 0);
INSERT INTO "photos" ("id", "source_path", "location_id", "event_id", "date_override", "title", "caption", "livery", "caption_ai_assisted") VALUES ('2023-11-12-dsc01250-enhanced-nr', 'DSC01250-Enhanced-NR.jpg', 'jp-gifu-air-base', 'jp-gifu-air-show-2023', NULL, '', 'Mixed ADTW formation during Gifu Air Show', '', 0);
INSERT INTO "photos" ("id", "source_path", "location_id", "event_id", "date_override", "title", "caption", "livery", "caption_ai_assisted") VALUES ('2023-11-12-dsc01252-enhanced-nr', 'DSC01252-Enhanced-NR.jpg', 'jp-gifu-air-base', 'jp-gifu-air-show-2023', NULL, '', 'Mixed ADTW formation during Gifu Air Show', '', 0);
INSERT INTO "photos" ("id", "source_path", "location_id", "event_id", "date_override", "title", "caption", "livery", "caption_ai_assisted") VALUES ('2023-11-12-dsc01259-enhanced-nr', 'DSC01259-Enhanced-NR.jpg', 'jp-gifu-air-base', 'jp-gifu-air-show-2023', NULL, '', 'Mixed ADTW formation during Gifu Air Show', '', 0);
INSERT INTO "photos" ("id", "source_path", "location_id", "event_id", "date_override", "title", "caption", "livery", "caption_ai_assisted") VALUES ('2023-11-12-dsc01265-enhanced-nr', 'DSC01265-Enhanced-NR.jpg', 'jp-gifu-air-base', 'jp-gifu-air-show-2023', NULL, '', 'Mixed ADTW formation during Gifu Air Show', '', 0);
INSERT INTO "photos" ("id", "source_path", "location_id", "event_id", "date_override", "title", "caption", "livery", "caption_ai_assisted") VALUES ('2023-11-12-dsc09175-enhanced-nr', 'DSC09175-Enhanced-NR.jpeg', 'jp-gifu-air-base', 'jp-gifu-air-show-2023', NULL, '', 'Mitsubishi F-2B of the Air Development and Test Wing at Gifu Air Base', '', 0);
INSERT INTO "photos" ("id", "source_path", "location_id", "event_id", "date_override", "title", "caption", "livery", "caption_ai_assisted") VALUES ('2023-11-12-dsc09476-enhanced-nr', 'DSC09476-Enhanced-NR.jpeg', 'jp-gifu-air-base', 'jp-gifu-air-show-2023', NULL, '', 'Combined fly-by by F-15J and F-2A from ADTW', '', 0);
INSERT INTO "photos" ("id", "source_path", "location_id", "event_id", "date_override", "title", "caption", "livery", "caption_ai_assisted") VALUES ('2023-11-12-dsc09583-enhanced-nr', 'QC_DSC09583-Enhanced-NR.jpeg', 'jp-gifu-air-base', 'jp-gifu-air-show-2023', NULL, '', 'Mitsubishi F-2A of the Air Development and Test Wing at Gifu Air Base', '', 0);
INSERT INTO "photos" ("id", "source_path", "location_id", "event_id", "date_override", "title", "caption", "livery", "caption_ai_assisted") VALUES ('2023-11-12-dsc09667-enhanced-nr', 'QC_DSC09667-Enhanced-NR.jpeg', 'jp-gifu-air-base', 'jp-gifu-air-show-2023', NULL, '', 'ADTW F-2B at Gifu Air Base', '', 0);
INSERT INTO "photos" ("id", "source_path", "location_id", "event_id", "date_override", "title", "caption", "livery", "caption_ai_assisted") VALUES ('2023-11-12-dsc09722-enhanced-nr', 'DSC09722-Enhanced-NR.jpeg', 'jp-gifu-air-base', 'jp-gifu-air-show-2023', NULL, '', 'KC-767J flying over Gifu Air Base', '', 0);
INSERT INTO "photos" ("id", "source_path", "location_id", "event_id", "date_override", "title", "caption", "livery", "caption_ai_assisted") VALUES ('2023-11-12-dsc09753-enhanced-nr', 'DSC09753-Enhanced-NR.jpeg', 'jp-gifu-air-base', 'jp-gifu-air-show-2023', NULL, '', 'KC-767J landing at Gifu Air Base', '', 0);
INSERT INTO "photos" ("id", "source_path", "location_id", "event_id", "date_override", "title", "caption", "livery", "caption_ai_assisted") VALUES ('2023-11-12-dsc09892-enhanced-nr', 'DSC09892-Enhanced-NR.jpeg', 'jp-komatsu-air-base', 'jp-gifu-air-show-2023', NULL, '', 'Hawker U-125A from the Air Rescue Wing during a SAR demonstration at Komatsu Air Base.', '', 0);
INSERT INTO "photos" ("id", "source_path", "location_id", "event_id", "date_override", "title", "caption", "livery", "caption_ai_assisted") VALUES ('2023-11-12-gifu-formation-1', 'gifu_formation_1.jpeg', 'jp-gifu-air-base', 'jp-gifu-air-show-2023', NULL, '', 'ADTW Formation Fly-by', '', 0);
INSERT INTO "photos" ("id", "source_path", "location_id", "event_id", "date_override", "title", "caption", "livery", "caption_ai_assisted") VALUES ('2023-11-12-gifu-formation-2', 'gifu_formation_2.jpeg', 'jp-gifu-air-base', 'jp-gifu-air-show-2023', NULL, '', 'ADTW Formation Fly-by', '', 0);
INSERT INTO "photos" ("id", "source_path", "location_id", "event_id", "date_override", "title", "caption", "livery", "caption_ai_assisted") VALUES ('2023-11-26-dsc04019-enhanced-nr-1', 'DSC04019-Enhanced-NR (1).jpeg', 'jp-tsuiki-air-base', 'jp-tsuiki-air-show-2023', NULL, '', 'Mitsubishi F-2A of the 8th Tactical Fighter Squadron at Tsuiki Air Base', '', 0);
INSERT INTO "photos" ("id", "source_path", "location_id", "event_id", "date_override", "title", "caption", "livery", "caption_ai_assisted") VALUES ('2023-11-26-dsc04107-enhanced-nr', 'DSC04107-Enhanced-NR.jpeg', 'jp-tsuiki-air-base', 'jp-tsuiki-air-show-2023', NULL, '', 'F-2A landing at Tsuiki Air Base', '', 0);
INSERT INTO "photos" ("id", "source_path", "location_id", "event_id", "date_override", "title", "caption", "livery", "caption_ai_assisted") VALUES ('2023-11-26-dsc04130-enhanced-nr', 'DSC04130-Enhanced-NR.jpeg', 'jp-tsuiki-air-base', 'jp-tsuiki-air-show-2023', NULL, '', 'F-2A taking off from Tsuiki Air Base', '', 0);
INSERT INTO "photos" ("id", "source_path", "location_id", "event_id", "date_override", "title", "caption", "livery", "caption_ai_assisted") VALUES ('2023-11-26-dsc04151-enhanced-nr', 'DSC04151-Enhanced-NR.jpeg', 'jp-tsuiki-air-base', 'jp-tsuiki-air-show-2023', NULL, '', 'A Mitsubishi F-2A from the 6th Tactical Fighter Squadron takes off from Tsuiki Air Base', '', 0);
INSERT INTO "photos" ("id", "source_path", "location_id", "event_id", "date_override", "title", "caption", "livery", "caption_ai_assisted") VALUES ('2023-11-26-dsc04165-enhanced-nr', 'DSC04165-Enhanced-NR.jpeg', 'jp-tsuiki-air-base', 'jp-tsuiki-air-show-2023', NULL, '', 'Mitsubishi F-2A of the 6th Tactical Fighter Squadron at Tsuiki Air Base', '', 0);
INSERT INTO "photos" ("id", "source_path", "location_id", "event_id", "date_override", "title", "caption", "livery", "caption_ai_assisted") VALUES ('2023-11-26-dsc04210-enhanced-nr-2', 'DSC04210-Enhanced-NR-2.jpeg', 'jp-tsuiki-air-base', 'jp-tsuiki-air-show-2023', NULL, '', 'A pair F-2A performing a formation take-off at Tsuiki Air Base', '', 0);
INSERT INTO "photos" ("id", "source_path", "location_id", "event_id", "date_override", "title", "caption", "livery", "caption_ai_assisted") VALUES ('2023-11-26-dsc04235-enhanced-nr', 'DSC04235-Enhanced-NR.jpeg', 'jp-tsuiki-air-base', 'jp-tsuiki-air-show-2023', NULL, '', 'Two Mitsubishi F-2A fighter jets from the 8th Tactical Fighter Squadron take off in formation at Tsuiki Air Base', '', 0);
INSERT INTO "photos" ("id", "source_path", "location_id", "event_id", "date_override", "title", "caption", "livery", "caption_ai_assisted") VALUES ('2023-11-26-dsc04253-enhanced-nr', 'DSC04253-Enhanced-NR.jpeg', 'jp-tsuiki-air-base', 'jp-tsuiki-air-show-2023', NULL, '', 'Two Mitsubishi F-2A aircraft from the 8th Tactical Fighter Squadron taking off in formation.', '', 0);
INSERT INTO "photos" ("id", "source_path", "location_id", "event_id", "date_override", "title", "caption", "livery", "caption_ai_assisted") VALUES ('2023-11-26-dsc04339-enhanced-nr', 'QC_DSC04339-Enhanced-NR.jpeg', 'jp-tsuiki-air-base', 'jp-tsuiki-air-show-2023', NULL, '', 'Mitsubishi F-2A from the 8th Tactical Fighter Squadron at Tsuiki Air Base', '', 0);
INSERT INTO "photos" ("id", "source_path", "location_id", "event_id", "date_override", "title", "caption", "livery", "caption_ai_assisted") VALUES ('2023-11-26-dsc04362-enhanced-nr', 'QC_DSC04362-Enhanced-NR.jpeg', 'jp-tsuiki-air-base', 'jp-tsuiki-air-show-2023', NULL, '', 'Mitsubishi F-2A of the 8th Tactical Fighter Squadron at Tsuiki Air Base', '', 0);
INSERT INTO "photos" ("id", "source_path", "location_id", "event_id", "date_override", "title", "caption", "livery", "caption_ai_assisted") VALUES ('2023-11-26-dsc04506-enhanced-nr', 'DSC04506-Enhanced-NR.jpeg', 'jp-tsuiki-air-base', 'jp-tsuiki-air-show-2023', NULL, '', 'Three Mitsubishi F-2A fighter jets from the 6th Tactical Fighter Squadron in close formation', '', 0);
INSERT INTO "photos" ("id", "source_path", "location_id", "event_id", "date_override", "title", "caption", "livery", "caption_ai_assisted") VALUES ('2023-11-26-dsc04557-enhanced-nr', 'DSC04557-Enhanced-NR.jpeg', 'jp-tsuiki-air-base', 'jp-tsuiki-air-show-2023', NULL, '', 'A trio of Mitsubishi F-2A from the 8th Tactical Fighter Squadron at Tsuiki Air Base', '', 0);
INSERT INTO "photos" ("id", "source_path", "location_id", "event_id", "date_override", "title", "caption", "livery", "caption_ai_assisted") VALUES ('2023-11-26-dsc04564-enhanced-nr', 'DSC04564-Enhanced-NR.jpeg', 'jp-tsuiki-air-base', 'jp-tsuiki-air-show-2023', NULL, '', 'A trio of Mitsubishi F-2A fighters from the 8th Tactical Fighter Squadron fly in close formation at Tsuiki Air Base', '', 0);
INSERT INTO "photos" ("id", "source_path", "location_id", "event_id", "date_override", "title", "caption", "livery", "caption_ai_assisted") VALUES ('2023-11-26-dsc04647-enhanced-nr', 'QC_DSC04647-Enhanced-NR.jpeg', 'jp-tsuiki-air-base', 'jp-tsuiki-air-show-2023', NULL, '', 'Combined formation of F-2A from 6 TFS and 8 TFS', '', 0);
INSERT INTO "photos" ("id", "source_path", "location_id", "event_id", "date_override", "title", "caption", "livery", "caption_ai_assisted") VALUES ('2023-11-26-dsc04758-enhanced-nr', 'DSC04758-Enhanced-NR.jpeg', 'jp-tsuiki-air-base', 'jp-tsuiki-air-show-2023', NULL, '', 'F-2A landing with drag chute at Tsuiki Air Base', '', 0);
INSERT INTO "photos" ("id", "source_path", "location_id", "event_id", "date_override", "title", "caption", "livery", "caption_ai_assisted") VALUES ('2023-11-26-dsc05377-enhanced-nr', 'DSC05377-Enhanced-NR.jpeg', 'jp-tsuiki-air-base', 'jp-tsuiki-air-show-2023', NULL, '', 'AH-64DJP Apache at Tsuiki Air Base', '', 0);
INSERT INTO "photos" ("id", "source_path", "location_id", "event_id", "date_override", "title", "caption", "livery", "caption_ai_assisted") VALUES ('2023-11-26-dsc05398-enhanced-nr', 'DSC05398-Enhanced-NR.jpeg', 'jp-tsuiki-air-base', 'jp-tsuiki-air-show-2023', NULL, '', 'AH-64DJP Apache at Tsuiki Air Base', '', 0);
INSERT INTO "photos" ("id", "source_path", "location_id", "event_id", "date_override", "title", "caption", "livery", "caption_ai_assisted") VALUES ('2023-11-26-dsc05412-enhanced-nr', 'DSC05412-Enhanced-NR.jpeg', 'jp-tsuiki-air-base', 'jp-tsuiki-air-show-2023', NULL, '', 'AH-64DJP Apache at Tsuiki Air Base', '', 0);
INSERT INTO "photos" ("id", "source_path", "location_id", "event_id", "date_override", "title", "caption", "livery", "caption_ai_assisted") VALUES ('2023-11-26-dsc05455-enhanced-nr', 'DSC05455-Enhanced-NR.jpeg', 'jp-tsuiki-air-base', 'jp-tsuiki-air-show-2023', NULL, '', 'AH-64DJP Apache at Tsuiki Air Base', '', 0);
INSERT INTO "photos" ("id", "source_path", "location_id", "event_id", "date_override", "title", "caption", "livery", "caption_ai_assisted") VALUES ('2023-11-26-dsc05489-enhanced-nr', 'DSC05489-Enhanced-NR.jpeg', 'jp-tsuiki-air-base', 'jp-tsuiki-air-show-2023', NULL, '', 'AH-64DJP Apache at Tsuiki Air Base', '', 0);
INSERT INTO "photos" ("id", "source_path", "location_id", "event_id", "date_override", "title", "caption", "livery", "caption_ai_assisted") VALUES ('2023-11-26-dsc05490-enhanced-nr', 'DSC05490-Enhanced-NR.jpeg', 'jp-tsuiki-air-base', 'jp-tsuiki-air-show-2023', NULL, '', 'AH-64DJP Apache at Tsuiki Air Base', '', 0);
INSERT INTO "photos" ("id", "source_path", "location_id", "event_id", "date_override", "title", "caption", "livery", "caption_ai_assisted") VALUES ('2023-11-26-dsc05534-enhanced-nr', 'DSC05534-Enhanced-NR.jpeg', 'jp-tsuiki-air-base', 'jp-tsuiki-air-show-2023', NULL, '', 'AH-64DJP Apache at Tsuiki Air Base', '', 0);
INSERT INTO "photos" ("id", "source_path", "location_id", "event_id", "date_override", "title", "caption", "livery", "caption_ai_assisted") VALUES ('2023-11-26-dsc05547-enhanced-nr', 'DSC05547-Enhanced-NR.jpeg', 'jp-tsuiki-air-base', 'jp-tsuiki-air-show-2023', NULL, '', 'AH-64DJP Apache at Tsuiki Air Base', '', 0);
INSERT INTO "photos" ("id", "source_path", "location_id", "event_id", "date_override", "title", "caption", "livery", "caption_ai_assisted") VALUES ('2023-11-26-dsc05612-enhanced-nr', 'DSC05612-Enhanced-NR.jpeg', 'jp-tsuiki-air-base', 'jp-tsuiki-air-show-2023', NULL, '', 'AH-64DJP Apache at Tsuiki Air Base', '', 0);
INSERT INTO "photos" ("id", "source_path", "location_id", "event_id", "date_override", "title", "caption", "livery", "caption_ai_assisted") VALUES ('2023-11-26-dsc05622-enhanced-nr', 'DSC05622-Enhanced-NR.jpeg', 'jp-tsuiki-air-base', 'jp-tsuiki-air-show-2023', NULL, '', 'AH-64DJP Apache at Tsuiki Air Base', '', 0);
INSERT INTO "photos" ("id", "source_path", "location_id", "event_id", "date_override", "title", "caption", "livery", "caption_ai_assisted") VALUES ('2023-11-26-dsc05672-enhanced-nr-1', 'QC_DSC05672-Enhanced-NR (1).jpeg', 'jp-tsuiki-air-base', 'jp-tsuiki-air-show-2023', NULL, '', 'Air Rescue Squadron U-125A and UH-60J making their iconic entrance', '', 0);
INSERT INTO "photos" ("id", "source_path", "location_id", "event_id", "date_override", "title", "caption", "livery", "caption_ai_assisted") VALUES ('2023-11-26-dsc05676-enhanced-nr-1', 'DSC05676-Enhanced-NR (1).jpeg', 'jp-tsuiki-air-base', 'jp-tsuiki-air-show-2023', NULL, '', 'Air Rescue Squadron U-125A and UH-60J making their iconic entrance', '', 0);
INSERT INTO "photos" ("id", "source_path", "location_id", "event_id", "date_override", "title", "caption", "livery", "caption_ai_assisted") VALUES ('2023-11-26-dsc05695-enhanced-nr-1', 'DSC05695-Enhanced-NR (1).jpeg', 'jp-tsuiki-air-base', 'jp-tsuiki-air-show-2023', NULL, '', 'U-125A from Ashiya Air Rescue detachment at Tsuiki Air Base', '', 0);
INSERT INTO "photos" ("id", "source_path", "location_id", "event_id", "date_override", "title", "caption", "livery", "caption_ai_assisted") VALUES ('2023-11-26-dsc05707-enhanced-nr', 'DSC05707-Enhanced-NR.jpeg', 'jp-tsuiki-air-base', 'jp-tsuiki-air-show-2023', NULL, '', 'U-125A from Ashiya''s Air Rescue detachment at Tsuiki Air Base', '', 0);
INSERT INTO "photos" ("id", "source_path", "location_id", "event_id", "date_override", "title", "caption", "livery", "caption_ai_assisted") VALUES ('2023-11-26-dsc05775-enhanced-nr-1', 'QC_DSC05775-Enhanced-NR (1).jpeg', 'jp-tsuiki-air-base', 'jp-tsuiki-air-show-2023', NULL, '', 'Mitsubishi UH-60J helicopter during a SAR demo', '', 0);
INSERT INTO "photos" ("id", "source_path", "location_id", "event_id", "date_override", "title", "caption", "livery", "caption_ai_assisted") VALUES ('2023-11-26-dsc05813-enhanced-nr', 'DSC05813-Enhanced-NR.jpeg', 'jp-tsuiki-air-base', 'jp-tsuiki-air-show-2023', NULL, '', 'JASDF Air Rescue servicemen suspended beneath a Mitsubishi UH-60J helicopter during a SAR demo', '', 0);
INSERT INTO "photos" ("id", "source_path", "location_id", "event_id", "date_override", "title", "caption", "livery", "caption_ai_assisted") VALUES ('2023-11-26-dsc05864-enhanced-nr', 'DSC05864-Enhanced-NR.jpeg', 'jp-tsuiki-air-base', 'jp-tsuiki-air-show-2023', NULL, '', 'A JASDF Air Rescue serviceman suspended beneath a Mitsubishi UH-60J helicopter during a SAR demo', '', 0);
INSERT INTO "photos" ("id", "source_path", "location_id", "event_id", "date_override", "title", "caption", "livery", "caption_ai_assisted") VALUES ('2023-11-26-dsc06010-enhanced-nr', 'DSC06010-Enhanced-NR.jpeg', 'jp-tsuiki-air-base', 'jp-tsuiki-air-show-2023', NULL, '', 'U-125A from Ashiya Air Rescue detachment at Tsuiki Air Base', '', 0);
INSERT INTO "photos" ("id", "source_path", "location_id", "event_id", "date_override", "title", "caption", "livery", "caption_ai_assisted") VALUES ('2023-11-26-dsc06045-enhanced-nr', 'DSC06045-Enhanced-NR.jpeg', 'jp-tsuiki-air-base', 'jp-tsuiki-air-show-2023', NULL, '', 'A light blue Hawker U-125A, marked 017, taxis on the runway at Tsuiki Air Base.', '', 0);
INSERT INTO "photos" ("id", "source_path", "location_id", "event_id", "date_override", "title", "caption", "livery", "caption_ai_assisted") VALUES ('2023-11-26-dsc06065-enhanced-nr', 'DSC06065-Enhanced-NR.jpeg', 'jp-tsuiki-air-base', 'jp-tsuiki-air-show-2023', NULL, '', 'U-125A from Ashiya Air Rescue detachment at Tsuiki Air Base', '', 0);
INSERT INTO "photos" ("id", "source_path", "location_id", "event_id", "date_override", "title", "caption", "livery", "caption_ai_assisted") VALUES ('2023-11-26-dsc06082-enhanced-nr', 'DSC06082-Enhanced-NR.jpeg', 'jp-tsuiki-air-base', 'jp-tsuiki-air-show-2023', NULL, '', 'Air Rescue UH-60J landing at Tsuiki Air Base', '', 0);
INSERT INTO "photos" ("id", "source_path", "location_id", "event_id", "date_override", "title", "caption", "livery", "caption_ai_assisted") VALUES ('2023-11-26-dsc06128-enhanced-nr', 'DSC06128-Enhanced-NR.jpeg', 'jp-tsuiki-air-base', 'jp-tsuiki-air-show-2023', NULL, '', 'Air Rescue UH-60J landing at Tsuiki Air Base', '', 0);
INSERT INTO "photos" ("id", "source_path", "location_id", "event_id", "date_override", "title", "caption", "livery", "caption_ai_assisted") VALUES ('2023-11-26-dsc06176-enhanced-nr', 'DSC06176-Enhanced-NR.jpeg', 'jp-tsuiki-air-base', 'jp-tsuiki-air-show-2023', NULL, '', 'Row of F-2A on tarmac at Tsuiki Air Base', '', 0);
INSERT INTO "photos" ("id", "source_path", "location_id", "event_id", "date_override", "title", "caption", "livery", "caption_ai_assisted") VALUES ('2023-11-26-dsc06178-enhanced-nr', 'DSC06178-Enhanced-NR.jpeg', 'jp-tsuiki-air-base', 'jp-tsuiki-air-show-2023', NULL, '', 'F-2A parked on the ground at Tsuiki', '', 0);
INSERT INTO "photos" ("id", "source_path", "location_id", "event_id", "date_override", "title", "caption", "livery", "caption_ai_assisted") VALUES ('2023-11-26-dsc06273', 'DSC06273.jpg', 'jp-tsuiki-air-base', 'jp-tsuiki-air-show-2023', NULL, '', 'Blue Impulse taxiing back after performance', '', 0);
INSERT INTO "photos" ("id", "source_path", "location_id", "event_id", "date_override", "title", "caption", "livery", "caption_ai_assisted") VALUES ('2023-11-26-dsc06297', 'DSC06297.jpg', 'jp-tsuiki-air-base', 'jp-tsuiki-air-show-2023', NULL, '', 'Blue Impulse taxiing back after performance', '', 0);
INSERT INTO "photos" ("id", "source_path", "location_id", "event_id", "date_override", "title", "caption", "livery", "caption_ai_assisted") VALUES ('2023-11-26-dsc06305', 'DSC06305.jpg', 'jp-tsuiki-air-base', 'jp-tsuiki-air-show-2023', NULL, '', 'Blue Impulse taxiing back after performance', '', 0);
INSERT INTO "photos" ("id", "source_path", "location_id", "event_id", "date_override", "title", "caption", "livery", "caption_ai_assisted") VALUES ('2023-11-26-dsc06310', 'DSC06310.jpg', 'jp-tsuiki-air-base', 'jp-tsuiki-air-show-2023', NULL, '', 'Blue Impulse taxiing back after performance', '', 0);
INSERT INTO "photos" ("id", "source_path", "location_id", "event_id", "date_override", "title", "caption", "livery", "caption_ai_assisted") VALUES ('2023-11-26-dsc06324', 'DSC06324.jpg', 'jp-tsuiki-air-base', 'jp-tsuiki-air-show-2023', NULL, '', 'Blue Impulse taxiing back after performance', '', 0);
INSERT INTO "photos" ("id", "source_path", "location_id", "event_id", "date_override", "title", "caption", "livery", "caption_ai_assisted") VALUES ('2023-11-26-dsc06342', 'DSC06342.jpg', 'jp-tsuiki-air-base', 'jp-tsuiki-air-show-2023', NULL, '', 'Blue Impulse taxiing back after performance', '', 0);
INSERT INTO "photos" ("id", "source_path", "location_id", "event_id", "date_override", "title", "caption", "livery", "caption_ai_assisted") VALUES ('2023-11-26-dsc06396-enhanced-nr', 'DSC06396-Enhanced-NR.jpeg', 'jp-tsuiki-air-base', 'jp-tsuiki-air-show-2023', NULL, '', 'US-2 fly-by at Tsuiki Air Base', '', 0);
INSERT INTO "photos" ("id", "source_path", "location_id", "event_id", "date_override", "title", "caption", "livery", "caption_ai_assisted") VALUES ('2023-11-26-dsc06411-enhanced-nr', 'DSC06411-Enhanced-NR.jpeg', 'jp-tsuiki-air-base', 'jp-tsuiki-air-show-2023', NULL, '', 'US-2 fly-by at Tsuiki Air Base', '', 0);
INSERT INTO "photos" ("id", "source_path", "location_id", "event_id", "date_override", "title", "caption", "livery", "caption_ai_assisted") VALUES ('2023-11-26-dsc06437-enhanced-nr', 'DSC06437-Enhanced-NR.jpeg', 'jp-tsuiki-air-base', 'jp-tsuiki-air-show-2023', NULL, '', 'US-2 fly-by at Tsuiki Air Base', '', 0);
INSERT INTO "photos" ("id", "source_path", "location_id", "event_id", "date_override", "title", "caption", "livery", "caption_ai_assisted") VALUES ('2023-11-26-dsc06473-enhanced-nr-1', 'DSC06473-Enhanced-NR (1).jpeg', 'jp-tsuiki-air-base', 'jp-tsuiki-air-show-2023', NULL, '', 'Mitsubishi F-2A of the 8th Tactical Fighter Squadron at Tsuiki Air Base', '', 0);
INSERT INTO "photos" ("id", "source_path", "location_id", "event_id", "date_override", "title", "caption", "livery", "caption_ai_assisted") VALUES ('2023-11-26-dsc06512-enhanced-nr', 'DSC06512-Enhanced-NR.jpeg', 'jp-tsuiki-air-base', 'jp-tsuiki-air-show-2023', NULL, '', 'Mitsubishi F-2A from the 8th Tactical Fighter Squadron at Tsuiki Air Base', '', 0);
INSERT INTO "photos" ("id", "source_path", "location_id", "event_id", "date_override", "title", "caption", "livery", "caption_ai_assisted") VALUES ('2023-11-26-dsc06560-enhanced-nr', 'QC_DSC06560-Enhanced-NR.jpeg', 'jp-tsuiki-air-base', 'jp-tsuiki-air-show-2023', NULL, '', 'F-2A at Tsuiki Air Base', '', 0);
INSERT INTO "photos" ("id", "source_path", "location_id", "event_id", "date_override", "title", "caption", "livery", "caption_ai_assisted") VALUES ('2023-11-26-dsc07228-enhanced-nr', 'DSC07228-Enhanced-NR.jpeg', 'jp-tsuiki-air-base', 'jp-tsuiki-air-show-2023', NULL, '', 'Mitsubishi F-2A of the 8th Tactical Fighter Squadron at Tsuiki Air Base', '', 0);
INSERT INTO "photos" ("id", "source_path", "location_id", "event_id", "date_override", "title", "caption", "livery", "caption_ai_assisted") VALUES ('2023-11-26-dsc07375-enhanced-nr', 'DSC07375-Enhanced-NR.jpeg', 'jp-tsuiki-air-base', 'jp-tsuiki-air-show-2023', NULL, '', 'Mitsubishi F-2A of the 6th Tactical Fighter Squadron lands at Tsuiki Air Base with a yellow parachute deployed.', '', 0);
INSERT INTO "photos" ("id", "source_path", "location_id", "event_id", "date_override", "title", "caption", "livery", "caption_ai_assisted") VALUES ('2023-11-26-dsc07469-enhanced-nr', 'DSC07469-Enhanced-NR.jpeg', 'jp-tsuiki-air-base', 'jp-tsuiki-air-show-2023', NULL, '', 'Mitsubishi F-2A from the 6th Tactical Fighter Squadron lands with a drag parachute deployed at Tsuiki Air Base', '', 0);
INSERT INTO "photos" ("id", "source_path", "location_id", "event_id", "date_override", "title", "caption", "livery", "caption_ai_assisted") VALUES ('2023-11-26-dsc07517-enhanced-nr', 'DSC07517-Enhanced-NR.jpeg', 'jp-tsuiki-air-base', 'jp-tsuiki-air-show-2023', NULL, '', 'KC-767J on the ground at Tsuiki Air Base', '', 0);
INSERT INTO "photos" ("id", "source_path", "location_id", "event_id", "date_override", "title", "caption", "livery", "caption_ai_assisted") VALUES ('2023-11-26-dsc07531-enhanced-nr-2', 'DSC07531-Enhanced-NR (2).jpeg', 'jp-tsuiki-air-base', 'jp-tsuiki-air-show-2023', NULL, '', 'A Kawasaki P-1 aircraft from Air Patrol Squadron 1 is on the tarmac at Tsuiki Air Base.', '', 0);
INSERT INTO "photos" ("id", "source_path", "location_id", "event_id", "date_override", "title", "caption", "livery", "caption_ai_assisted") VALUES ('2023-11-27-dsc07775-enhanced-nr', 'DSC07775-Enhanced-NR.jpg', 'jp-kitakyushu-airport', NULL, NULL, '', 'Starflyer A320 at Kitakyushu Airport', '', 0);
INSERT INTO "photos" ("id", "source_path", "location_id", "event_id", "date_override", "title", "caption", "livery", "caption_ai_assisted") VALUES ('2023-11-27-dsc07789-enhanced-nr', 'DSC07789-Enhanced-NR.jpg', 'jp-kitakyushu-airport', NULL, NULL, '', 'Starflyer A320 at Kitakyushu Airport', '', 0);
INSERT INTO "photos" ("id", "source_path", "location_id", "event_id", "date_override", "title", "caption", "livery", "caption_ai_assisted") VALUES ('2023-11-29-dsc08863-enhanced-nr', 'DSC08863-Enhanced-NR.jpeg', 'jp-yokota-air-base', NULL, NULL, '', 'Lockheed C-130J Super Hercules of the 36th Airlift Squadron climbing after take-off', '', 0);
INSERT INTO "photos" ("id", "source_path", "location_id", "event_id", "date_override", "title", "caption", "livery", "caption_ai_assisted") VALUES ('2023-11-29-dsc09870-enhanced-nr', 'DSC09870-Enhanced-NR.jpeg', 'jp-yokota-air-base', NULL, NULL, '', 'Lockheed C-130J Super Hercules from the 36th Airlift Squadron flies past Mount Fuji.', '', 0);
INSERT INTO "photos" ("id", "source_path", "location_id", "event_id", "date_override", "title", "caption", "livery", "caption_ai_assisted") VALUES ('2023-11-30-dsc02520-enhanced-nr', 'DSC02520-Enhanced-NR.jpg', 'jp-haneda-airport', NULL, NULL, '', 'Commercial traffic at Haneda Airport', '', 0);
INSERT INTO "photos" ("id", "source_path", "location_id", "event_id", "date_override", "title", "caption", "livery", "caption_ai_assisted") VALUES ('2023-12-20-c2-vrc40', 'c2_vrc40.jpg', 'sg-changi-airport', NULL, NULL, '', 'A United States Navy Grumman C-2A Greyhound from Fleet Logistics Support Squadron 40 "Rawhides" landing at Changi Airport.', '', 0);
INSERT INTO "photos" ("id", "source_path", "location_id", "event_id", "date_override", "title", "caption", "livery", "caption_ai_assisted") VALUES ('2024-01-11-metrea-kc135-1', 'metrea_kc135_1.jpg', 'sg-singapore', NULL, NULL, '', 'Metrea KC-135 Stratotanker (ex-RSAF) flying over Singapore', '', 0);
INSERT INTO "photos" ("id", "source_path", "location_id", "event_id", "date_override", "title", "caption", "livery", "caption_ai_assisted") VALUES ('2024-01-11-metrea-kc135-2', 'metrea_kc135_2.jpg', 'sg-singapore', NULL, NULL, '', 'Metrea KC-135 Stratotanker (ex-RSAF) landing in Singapore', '', 0);
INSERT INTO "photos" ("id", "source_path", "location_id", "event_id", "date_override", "title", "caption", "livery", "caption_ai_assisted") VALUES ('2024-01-11-metrea-kc135-3', 'metrea_kc135_3.jpg', 'sg-singapore', NULL, NULL, '', 'Metrea KC-135 Stratotanker (ex-RSAF) landing in Singapore', '', 0);
INSERT INTO "photos" ("id", "source_path", "location_id", "event_id", "date_override", "title", "caption", "livery", "caption_ai_assisted") VALUES ('2024-02-13-dsc02772-enhanced-nr', 'DSC02772-Enhanced-NR.jpg', 'sg-singapore', 'sg-singapore-airshow-2024', NULL, '', 'ROKAF Black Eagles in Singapore during Singapore Airshow 2024', '', 0);
INSERT INTO "photos" ("id", "source_path", "location_id", "event_id", "date_override", "title", "caption", "livery", "caption_ai_assisted") VALUES ('2024-02-13-dsc02792-enhanced-nr', 'DSC02792-Enhanced-NR.jpg', 'sg-singapore', 'sg-singapore-airshow-2024', NULL, '', 'ROKAF Black Eagles in Singapore during Singapore Airshow 2024', '', 0);
INSERT INTO "photos" ("id", "source_path", "location_id", "event_id", "date_override", "title", "caption", "livery", "caption_ai_assisted") VALUES ('2024-02-13-dsc02847-enhanced-nr', 'DSC02847-Enhanced-NR.jpg', 'sg-singapore', 'sg-singapore-airshow-2024', NULL, '', 'ROKAF Black Eagles in Singapore during Singapore Airshow 2024', '', 0);
INSERT INTO "photos" ("id", "source_path", "location_id", "event_id", "date_override", "title", "caption", "livery", "caption_ai_assisted") VALUES ('2024-02-13-dsc02886-enhanced-nr', 'DSC02886-Enhanced-NR.jpg', 'sg-singapore', 'sg-singapore-airshow-2024', NULL, '', 'ROKAF Black Eagles in Singapore during Singapore Airshow 2024', '', 0);
INSERT INTO "photos" ("id", "source_path", "location_id", "event_id", "date_override", "title", "caption", "livery", "caption_ai_assisted") VALUES ('2024-02-13-dsc02917-enhanced-nr', 'DSC02917-Enhanced-NR.jpg', 'sg-singapore', 'sg-singapore-airshow-2024', NULL, '', 'ROKAF Black Eagles in Singapore during Singapore Airshow 2024', '', 0);
INSERT INTO "photos" ("id", "source_path", "location_id", "event_id", "date_override", "title", "caption", "livery", "caption_ai_assisted") VALUES ('2024-02-13-dsc02965-enhanced-nr', 'DSC02965-Enhanced-NR.jpg', 'sg-singapore', 'sg-singapore-airshow-2024', NULL, '', 'ROKAF Black Eagles in Singapore during Singapore Airshow 2024', '', 0);
INSERT INTO "photos" ("id", "source_path", "location_id", "event_id", "date_override", "title", "caption", "livery", "caption_ai_assisted") VALUES ('2024-02-13-dsc03024-enhanced-nr', 'DSC03024-Enhanced-NR.jpg', 'sg-singapore', 'sg-singapore-airshow-2024', NULL, '', 'ROKAF Black Eagles in Singapore during Singapore Airshow 2024', '', 0);
INSERT INTO "photos" ("id", "source_path", "location_id", "event_id", "date_override", "title", "caption", "livery", "caption_ai_assisted") VALUES ('2024-02-13-dsc03042-enhanced-nr', 'DSC03042-Enhanced-NR.jpg', 'sg-singapore', 'sg-singapore-airshow-2024', NULL, '', 'ROKAF Black Eagles in Singapore during Singapore Airshow 2024', '', 0);
INSERT INTO "photos" ("id", "source_path", "location_id", "event_id", "date_override", "title", "caption", "livery", "caption_ai_assisted") VALUES ('2024-02-13-dsc03089-enhanced-nr', 'DSC03089-Enhanced-NR.jpg', 'sg-singapore', 'sg-singapore-airshow-2024', NULL, '', 'ROKAF Black Eagles in Singapore during Singapore Airshow 2024', '', 0);
INSERT INTO "photos" ("id", "source_path", "location_id", "event_id", "date_override", "title", "caption", "livery", "caption_ai_assisted") VALUES ('2024-02-13-dsc03123-enhanced-nr', 'DSC03123-Enhanced-NR.jpg', 'sg-singapore', 'sg-singapore-airshow-2024', NULL, '', 'ROKAF Black Eagles in Singapore during Singapore Airshow 2024', '', 0);
INSERT INTO "photos" ("id", "source_path", "location_id", "event_id", "date_override", "title", "caption", "livery", "caption_ai_assisted") VALUES ('2024-02-13-dsc03158-enhanced-nr', 'DSC03158-Enhanced-NR.jpg', 'sg-singapore', 'sg-singapore-airshow-2024', NULL, '', 'ROKAF Black Eagles in Singapore during Singapore Airshow 2024', '', 0);
INSERT INTO "photos" ("id", "source_path", "location_id", "event_id", "date_override", "title", "caption", "livery", "caption_ai_assisted") VALUES ('2024-02-13-dsc03195-enhanced-nr', 'DSC03195-Enhanced-NR.jpg', 'sg-singapore', 'sg-singapore-airshow-2024', NULL, '', 'ROKAF Black Eagles in Singapore during Singapore Airshow 2024', '', 0);
INSERT INTO "photos" ("id", "source_path", "location_id", "event_id", "date_override", "title", "caption", "livery", "caption_ai_assisted") VALUES ('2024-02-18-dsc05211-enhanced-nr', 'QC_DSC05211-Enhanced-NR.jpg', 'sg-changi-exhibition-centre', 'sg-singapore-airshow-2024', NULL, '', 'ROKAF Black Eagles in Singapore during Singapore Airshow 2024', '', 0);
INSERT INTO "photos" ("id", "source_path", "location_id", "event_id", "date_override", "title", "caption", "livery", "caption_ai_assisted") VALUES ('2024-02-18-dsc05282-enhanced-nr', 'QC_DSC05282-Enhanced-NR.jpg', 'sg-singapore', 'sg-singapore-airshow-2024', NULL, '', 'ROKAF Black Eagles in Singapore during Singapore Airshow 2024', '', 0);
INSERT INTO "photos" ("id", "source_path", "location_id", "event_id", "date_override", "title", "caption", "livery", "caption_ai_assisted") VALUES ('2024-02-18-qc-dsc04655-enhanced-nr', 'QC_DSC04655-Enhanced-NR.jpg', 'sg-changi-exhibition-centre', 'sg-singapore-airshow-2024', NULL, '', 'Comac C919 during Singapore Airshow', '', 0);
INSERT INTO "photos" ("id", "source_path", "location_id", "event_id", "date_override", "title", "caption", "livery", "caption_ai_assisted") VALUES ('2024-02-22-dsc06179-enhanced-nr', 'DSC06179-Enhanced-NR.jpg', 'sg-changi-exhibition-centre', 'sg-singapore-airshow-2024', NULL, '', 'ROKAF Black Eagles in Singapore during Singapore Airshow 2024', '', 0);
INSERT INTO "photos" ("id", "source_path", "location_id", "event_id", "date_override", "title", "caption", "livery", "caption_ai_assisted") VALUES ('2024-02-22-dsc06214-enhanced-nr', 'DSC06214-Enhanced-NR.jpg', 'sg-changi-exhibition-centre', 'sg-singapore-airshow-2024', NULL, '', 'ROKAF Black Eagles in Singapore during Singapore Airshow 2024', '', 0);
INSERT INTO "photos" ("id", "source_path", "location_id", "event_id", "date_override", "title", "caption", "livery", "caption_ai_assisted") VALUES ('2024-02-22-dsc06548-enhanced-nr', 'DSC06548-Enhanced-NR.jpg', 'sg-changi-exhibition-centre', 'sg-singapore-airshow-2024', NULL, '', 'ROKAF Black Eagles in Singapore during Singapore Airshow 2024', '', 0);
INSERT INTO "photos" ("id", "source_path", "location_id", "event_id", "date_override", "title", "caption", "livery", "caption_ai_assisted") VALUES ('2024-02-22-dsc06694-enhanced-nr', 'DSC06694-Enhanced-NR.jpg', 'sg-changi-exhibition-centre', 'sg-singapore-airshow-2024', NULL, '', 'ROKAF Black Eagles in Singapore during Singapore Airshow 2024', '', 0);
INSERT INTO "photos" ("id", "source_path", "location_id", "event_id", "date_override", "title", "caption", "livery", "caption_ai_assisted") VALUES ('2024-02-22-dsc06744-enhanced-nr', 'DSC06744-Enhanced-NR.jpg', 'sg-changi-exhibition-centre', 'sg-singapore-airshow-2024', NULL, '', 'USAF B-52H fly-by during Singapore Airshow 2024', '', 0);
INSERT INTO "photos" ("id", "source_path", "location_id", "event_id", "date_override", "title", "caption", "livery", "caption_ai_assisted") VALUES ('2024-02-22-dsc06779-enhanced-nr', 'DSC06779-Enhanced-NR.jpg', 'sg-changi-exhibition-centre', 'sg-singapore-airshow-2024', NULL, '', 'USAF B-52H fly-by during Singapore Airshow 2024', '', 0);
INSERT INTO "photos" ("id", "source_path", "location_id", "event_id", "date_override", "title", "caption", "livery", "caption_ai_assisted") VALUES ('2024-02-22-dsc06817-enhanced-nr', 'DSC06817-Enhanced-NR.jpg', 'sg-changi-exhibition-centre', 'sg-singapore-airshow-2024', NULL, '', 'USAF B-52H fly-by during Singapore Airshow 2024', '', 0);
INSERT INTO "photos" ("id", "source_path", "location_id", "event_id", "date_override", "title", "caption", "livery", "caption_ai_assisted") VALUES ('2024-02-22-dsc06822-enhanced-nr', 'DSC06822-Enhanced-NR.jpg', 'sg-changi-exhibition-centre', 'sg-singapore-airshow-2024', NULL, '', 'USAF B-52H fly-by during Singapore Airshow 2024', '', 0);
INSERT INTO "photos" ("id", "source_path", "location_id", "event_id", "date_override", "title", "caption", "livery", "caption_ai_assisted") VALUES ('2024-03-04-usaf-ak-f35a-1', 'usaf_ak_f35a_1.JPG', 'sg-singapore', NULL, NULL, '', 'An F-35A from the 355th Fighter Squadron lands in Singapore', '', 0);
INSERT INTO "photos" ("id", "source_path", "location_id", "event_id", "date_override", "title", "caption", "livery", "caption_ai_assisted") VALUES ('2024-03-04-usaf-ak-f35a-2', 'usaf_ak_f35a_2.JPG', 'sg-singapore', NULL, NULL, '', 'USAF F-35A from 356th Fighter Squadron ("Green Devils") landing in Singapore', '', 0);
INSERT INTO "photos" ("id", "source_path", "location_id", "event_id", "date_override", "title", "caption", "livery", "caption_ai_assisted") VALUES ('2024-05-03-dsc08053-enhanced-nr', 'QC_DSC08053-Enhanced-NR.jpg', 'sg-singapore', NULL, NULL, '', 'F-15SG from 149 Squadron "Shikra" in Singapore', '', 0);
INSERT INTO "photos" ("id", "source_path", "location_id", "event_id", "date_override", "title", "caption", "livery", "caption_ai_assisted") VALUES ('2024-05-03-dsc08187-enhanced-nr', 'QC_DSC08187-Enhanced-NR.jpg', 'sg-singapore', NULL, NULL, '', 'F-15SG from 142 Squadron "Gryphon" in Singapore', '', 0);
INSERT INTO "photos" ("id", "source_path", "location_id", "event_id", "date_override", "title", "caption", "livery", "caption_ai_assisted") VALUES ('2024-05-30-dsc03647-enhanced-nr', 'QC_DSC03647-Enhanced-NR.jpg', 'sg-singapore', NULL, NULL, '', 'E-4B landing in Singapore at night', '', 0);
INSERT INTO "photos" ("id", "source_path", "location_id", "event_id", "date_override", "title", "caption", "livery", "caption_ai_assisted") VALUES ('2024-06-05-dsc04786-enhanced-nr', 'DSC04786-Enhanced-NR.jpg', 'sg-singapore', NULL, NULL, '', 'E-4B taking off from Singapore', '', 0);
INSERT INTO "photos" ("id", "source_path", "location_id", "event_id", "date_override", "title", "caption", "livery", "caption_ai_assisted") VALUES ('2024-06-05-dsc04820-enhanced-nr', 'DSC04820-Enhanced-NR.jpg', 'sg-singapore', NULL, NULL, '', 'E-4B taking off from Singapore', '', 0);
INSERT INTO "photos" ("id", "source_path", "location_id", "event_id", "date_override", "title", "caption", "livery", "caption_ai_assisted") VALUES ('2024-06-22-dsc02893-enhanced-nr', 'DSC02893-Enhanced-NR.jpg', 'sg-singapore', 'sg-ndp-2024', NULL, '', 'NDP 2024', '', 0);
INSERT INTO "photos" ("id", "source_path", "location_id", "event_id", "date_override", "title", "caption", "livery", "caption_ai_assisted") VALUES ('2024-07-04-dsc08218-enhanced-nr', 'DSC08218-Enhanced-NR.jpg', 'sg-singapore', NULL, NULL, '', 'French VIP transport A330 landing in Singapore', '', 0);
INSERT INTO "photos" ("id", "source_path", "location_id", "event_id", "date_override", "title", "caption", "livery", "caption_ai_assisted") VALUES ('2024-07-04-dsc08248-enhanced-nr', 'DSC08248-Enhanced-NR.jpg', 'sg-singapore', NULL, NULL, '', 'French VIP transport A330 landing in Singapore', '', 0);
INSERT INTO "photos" ("id", "source_path", "location_id", "event_id", "date_override", "title", "caption", "livery", "caption_ai_assisted") VALUES ('2024-07-10-dsc08561-enhanced-nr', 'DSC08561-Enhanced-NR.jpg', 'sg-singapore', NULL, NULL, '', 'French MRTT taking off from Singapore', '', 0);
INSERT INTO "photos" ("id", "source_path", "location_id", "event_id", "date_override", "title", "caption", "livery", "caption_ai_assisted") VALUES ('2024-07-10-dsc08601', 'DSC08601.jpg', 'sg-singapore', NULL, NULL, '', 'French MRTT taking off from Singapore', '', 0);
INSERT INTO "photos" ("id", "source_path", "location_id", "event_id", "date_override", "title", "caption", "livery", "caption_ai_assisted") VALUES ('2024-08-19-dsc04369-enhanced-nr', 'DSC04369-Enhanced-NR.jpg', 'jp-okadama-airport', NULL, NULL, '', 'Commercial traffic at Sapporo Okadama Airport', '', 0);
INSERT INTO "photos" ("id", "source_path", "location_id", "event_id", "date_override", "title", "caption", "livery", "caption_ai_assisted") VALUES ('2024-08-19-dsc04408-enhanced-nr', 'DSC04408-Enhanced-NR.jpg', 'jp-okadama-airport', NULL, NULL, '', 'Commercial traffic at Sapporo Okadama Airport', '', 0);
INSERT INTO "photos" ("id", "source_path", "location_id", "event_id", "date_override", "title", "caption", "livery", "caption_ai_assisted") VALUES ('2024-08-19-dsc04634-enhanced-nr', 'DSC04634-Enhanced-NR.jpg', 'jp-okadama-airport', NULL, NULL, '', 'Commercial traffic at Sapporo Okadama Airport', '', 0);
INSERT INTO "photos" ("id", "source_path", "location_id", "event_id", "date_override", "title", "caption", "livery", "caption_ai_assisted") VALUES ('2024-08-19-dsc04660-enhanced-nr', 'DSC04660-Enhanced-NR.jpg', 'jp-okadama-airport', NULL, NULL, '', 'Commercial traffic at Sapporo Okadama Airport', '', 0);
INSERT INTO "photos" ("id", "source_path", "location_id", "event_id", "date_override", "title", "caption", "livery", "caption_ai_assisted") VALUES ('2024-08-19-dsc04787-enhanced-nr', 'DSC04787-Enhanced-NR.jpg', 'jp-okadama-airport', NULL, NULL, '', 'Commercial traffic at Sapporo Okadama Airport', '', 0);
INSERT INTO "photos" ("id", "source_path", "location_id", "event_id", "date_override", "title", "caption", "livery", "caption_ai_assisted") VALUES ('2024-08-19-dsc04948-enhanced-nr', 'DSC04948-Enhanced-NR.jpg', 'jp-okadama-airport', NULL, NULL, '', 'Commercial traffic at Sapporo Okadama Airport', '', 0);
INSERT INTO "photos" ("id", "source_path", "location_id", "event_id", "date_override", "title", "caption", "livery", "caption_ai_assisted") VALUES ('2024-08-20-dsc05504-enhanced-nr', 'DSC05504-Enhanced-NR.jpg', 'jp-chitose-air-base', NULL, NULL, '', '203 TFS 60th Anniversary Special Livery during an Airshow Rehearsal', '', 0);
INSERT INTO "photos" ("id", "source_path", "location_id", "event_id", "date_override", "title", "caption", "livery", "caption_ai_assisted") VALUES ('2024-08-21-dsc00349-enhanced-nr', 'DSC00349-Enhanced-NR.jpg', 'jp-chitose-air-base', 'jp-chitose-air-show-2024-rehearsal', NULL, '', 'Cygnus performing touch-and-go at Chitose Air Base', '', 0);
INSERT INTO "photos" ("id", "source_path", "location_id", "event_id", "date_override", "title", "caption", "livery", "caption_ai_assisted") VALUES ('2024-08-21-dsc05932-enhanced-nr', 'DSC05932-Enhanced-NR.jpg', 'jp-chitose-air-base', 'jp-chitose-air-show-2024-rehearsal', NULL, '', 'F-15J from Chitose Air Base squadrons line up for take-off', '', 0);
INSERT INTO "photos" ("id", "source_path", "location_id", "event_id", "date_override", "title", "caption", "livery", "caption_ai_assisted") VALUES ('2024-08-21-dsc05993-enhanced-nr', 'DSC05993-Enhanced-NR.jpg', 'jp-chitose-air-base', 'jp-chitose-air-show-2024-rehearsal', NULL, '', 'F-15J from 201 TFS taking off from Chitose Air Base', '', 0);
INSERT INTO "photos" ("id", "source_path", "location_id", "event_id", "date_override", "title", "caption", "livery", "caption_ai_assisted") VALUES ('2024-08-21-dsc06371-enhanced-nr', 'QC_DSC06371-Enhanced-NR.jpg', 'jp-chitose-air-base', 'jp-chitose-air-show-2024-rehearsal', NULL, '', 'F-15J taking off from Chitose Air Base', '', 0);
INSERT INTO "photos" ("id", "source_path", "location_id", "event_id", "date_override", "title", "caption", "livery", "caption_ai_assisted") VALUES ('2024-08-21-dsc06698-enhanced-nr', 'DSC06698-Enhanced-NR.jpg', 'jp-chitose-air-base', 'jp-chitose-air-show-2024-rehearsal', NULL, '', 'F-15J landing at Chitose Air Base', '', 0);
INSERT INTO "photos" ("id", "source_path", "location_id", "event_id", "date_override", "title", "caption", "livery", "caption_ai_assisted") VALUES ('2024-08-21-dsc07818-enhanced-nr', 'DSC07818-Enhanced-NR.jpg', 'jp-chitose-air-base', 'jp-chitose-air-show-2024-rehearsal', NULL, '', 'F-15J making a low pass at Chitose Air Base', '', 0);
INSERT INTO "photos" ("id", "source_path", "location_id", "event_id", "date_override", "title", "caption", "livery", "caption_ai_assisted") VALUES ('2024-08-21-dsc07833-enhanced-nr', 'DSC07833-Enhanced-NR.jpg', 'jp-chitose-air-base', 'jp-chitose-air-show-2024-rehearsal', NULL, '', 'F-15J making a low pass at Chitose Air Base', '', 0);
INSERT INTO "photos" ("id", "source_path", "location_id", "event_id", "date_override", "title", "caption", "livery", "caption_ai_assisted") VALUES ('2024-08-21-dsc08013-enhanced-nr', 'DSC08013-Enhanced-NR.jpg', 'jp-chitose-air-base', 'jp-chitose-air-show-2024-rehearsal', NULL, '', '203 TFS 60th Anniversary Special Livery during an Airshow Rehearsal', '', 0);
INSERT INTO "photos" ("id", "source_path", "location_id", "event_id", "date_override", "title", "caption", "livery", "caption_ai_assisted") VALUES ('2024-08-21-dsc08019-enhanced-nr', 'DSC08019-Enhanced-NR.jpg', 'jp-chitose-air-base', 'jp-chitose-air-show-2024-rehearsal', NULL, '', '203 TFS 60th Anniversary Special Livery during an Airshow Rehearsal', '', 0);
INSERT INTO "photos" ("id", "source_path", "location_id", "event_id", "date_override", "title", "caption", "livery", "caption_ai_assisted") VALUES ('2024-08-21-dsc08164-enhanced-nr', 'DSC08164-Enhanced-NR.jpg', 'jp-chitose-air-base', 'jp-chitose-air-show-2024-rehearsal', NULL, '', '203 TFS 60th Anniversary Special Livery during an Airshow Rehearsal', '', 0);
INSERT INTO "photos" ("id", "source_path", "location_id", "event_id", "date_override", "title", "caption", "livery", "caption_ai_assisted") VALUES ('2024-08-21-dsc08215-enhanced-nr', 'DSC08215-Enhanced-NR.jpg', 'jp-chitose-air-base', 'jp-chitose-air-show-2024-rehearsal', NULL, '', '203 TFS 60th Anniversary Special Livery during an Airshow Rehearsal', '', 0);
INSERT INTO "photos" ("id", "source_path", "location_id", "event_id", "date_override", "title", "caption", "livery", "caption_ai_assisted") VALUES ('2024-08-22-dsc00442-enhanced-nr', 'DSC00442-Enhanced-NR.jpg', 'jp-chitose-air-base', NULL, NULL, '', 'Cygnus performing touch-and-go at Chitose Air Base', '', 0);
INSERT INTO "photos" ("id", "source_path", "location_id", "event_id", "date_override", "title", "caption", "livery", "caption_ai_assisted") VALUES ('2024-08-22-dsc00565-enhanced-nr', 'DSC00565-Enhanced-NR.jpg', 'jp-chitose-air-base', NULL, NULL, '', 'Cygnus performing touch-and-go at Chitose Air Base', '', 0);
INSERT INTO "photos" ("id", "source_path", "location_id", "event_id", "date_override", "title", "caption", "livery", "caption_ai_assisted") VALUES ('2024-09-29-dsc09753-enhanced-nr', 'DSC09753-Enhanced-NR.jpg', 'sg-singapore', NULL, NULL, '', 'RAAF E-7A from No. 2 Squadron landing in Singapore', '', 0);
INSERT INTO "photos" ("id", "source_path", "location_id", "event_id", "date_override", "title", "caption", "livery", "caption_ai_assisted") VALUES ('2024-09-29-dsc09765-enhanced-nr', 'DSC09765-Enhanced-NR.jpg', 'sg-singapore', NULL, NULL, '', 'RAAF E-7A from No. 2 Squadron landing in Singapore', '', 0);
INSERT INTO "photos" ("id", "source_path", "location_id", "event_id", "date_override", "title", "caption", "livery", "caption_ai_assisted") VALUES ('2024-09-29-dsc09773-enhanced-nr', 'DSC09773-Enhanced-NR.jpg', 'sg-singapore', NULL, NULL, '', 'RAAF E-7A from No. 2 Squadron landing in Singapore', '', 0);
INSERT INTO "photos" ("id", "source_path", "location_id", "event_id", "date_override", "title", "caption", "livery", "caption_ai_assisted") VALUES ('2024-12-25-dsc01140-enhanced-nr', 'DSC01140-Enhanced-NR.jpg', 'my-penang-international-airport', NULL, NULL, '', 'Commercial traffic at Penang International Airport', '', 0);
INSERT INTO "photos" ("id", "source_path", "location_id", "event_id", "date_override", "title", "caption", "livery", "caption_ai_assisted") VALUES ('2024-12-25-dsc01143-enhanced-nr', 'DSC01143-Enhanced-NR.jpg', 'my-penang-international-airport', NULL, NULL, '', 'Commercial traffic at Penang International Airport', '', 0);
INSERT INTO "photos" ("id", "source_path", "location_id", "event_id", "date_override", "title", "caption", "livery", "caption_ai_assisted") VALUES ('2024-12-25-dsc01147-enhanced-nr', 'DSC01147-Enhanced-NR.jpg', 'my-penang-international-airport', NULL, NULL, '', 'Commercial traffic at Penang International Airport', '', 0);
INSERT INTO "photos" ("id", "source_path", "location_id", "event_id", "date_override", "title", "caption", "livery", "caption_ai_assisted") VALUES ('2025-02-03-dsc01755-enhanced-nr', 'DSC01755-Enhanced-NR.jpg', 'my-kuala-lumpur-international-airport', NULL, NULL, '', 'Malaysia Airlines B737 in retro livery, featuring red-and-blue cheatlines and the historic Kelantan wau bulan (moon kite) logo', 'Retro livery', 0);
INSERT INTO "photos" ("id", "source_path", "location_id", "event_id", "date_override", "title", "caption", "livery", "caption_ai_assisted") VALUES ('2025-02-03-dsc01763-enhanced-nr', 'DSC01763-Enhanced-NR.jpg', 'my-kuala-lumpur-international-airport', NULL, NULL, '', 'Malaysia Airlines B737 in retro livery, featuring red-and-blue cheatlines and the historic Kelantan wau bulan (moon kite) logo', 'Retro livery', 0);
INSERT INTO "photos" ("id", "source_path", "location_id", "event_id", "date_override", "title", "caption", "livery", "caption_ai_assisted") VALUES ('2025-04-17-dsc02499-enhanced-nr', 'QC_DSC02499-Enhanced-NR.jpg', 'hk-hong-kong-international-airport', NULL, NULL, '', 'Commercial traffic at HKIA', '', 0);
INSERT INTO "photos" ("id", "source_path", "location_id", "event_id", "date_override", "title", "caption", "livery", "caption_ai_assisted") VALUES ('2025-04-17-dsc02522-enhanced-nr', 'QC_DSC02522-Enhanced-NR.jpg', 'hk-hong-kong-international-airport', NULL, NULL, '', 'Commercial traffic at HKIA', '', 0);
INSERT INTO "photos" ("id", "source_path", "location_id", "event_id", "date_override", "title", "caption", "livery", "caption_ai_assisted") VALUES ('2025-04-17-n742ck', 'N742CK.jpg', 'hk-hong-kong-international-airport', NULL, NULL, '', 'Kalitta Air Boeing 747-400F N742CK taking off from Hong Kong International Airport', '', 0);
INSERT INTO "photos" ("id", "source_path", "location_id", "event_id", "date_override", "title", "caption", "livery", "caption_ai_assisted") VALUES ('2025-05-29-dsc02836-enhanced-nr', 'DSC02836-Enhanced-NR.jpg', 'sg-singapore', NULL, NULL, '', 'USAF C-37B landing in Singapore', '', 0);
INSERT INTO "photos" ("id", "source_path", "location_id", "event_id", "date_override", "title", "caption", "livery", "caption_ai_assisted") VALUES ('2025-05-29-dsc02838-enhanced-nr', 'DSC02838-Enhanced-NR.jpg', 'sg-singapore', NULL, NULL, '', 'USAF C-37B landing in Singapore', '', 0);
INSERT INTO "photos" ("id", "source_path", "location_id", "event_id", "date_override", "title", "caption", "livery", "caption_ai_assisted") VALUES ('2025-05-29-dsc02884-enhanced-nr', 'DSC02884-Enhanced-NR.jpg', 'sg-singapore', NULL, NULL, '', 'E-4B landing in Singapore', '', 0);
INSERT INTO "photos" ("id", "source_path", "location_id", "event_id", "date_override", "title", "caption", "livery", "caption_ai_assisted") VALUES ('2025-05-29-dsc02895-enhanced-nr', 'DSC02895-Enhanced-NR.jpg', 'sg-singapore', NULL, NULL, '', 'E-4B landing in Singapore', '', 0);
INSERT INTO "photos" ("id", "source_path", "location_id", "event_id", "date_override", "title", "caption", "livery", "caption_ai_assisted") VALUES ('2025-05-29-dsc02902-enhanced-nr', 'DSC02902-Enhanced-NR.jpg', 'sg-singapore', NULL, NULL, '', 'E-4B landing in Singapore', '', 0);
INSERT INTO "photos" ("id", "source_path", "location_id", "event_id", "date_override", "title", "caption", "livery", "caption_ai_assisted") VALUES ('2025-05-29-dsc02905-enhanced-nr', 'DSC02905-Enhanced-NR.jpg', 'sg-singapore', NULL, NULL, '', 'E-4B landing in Singapore', '', 0);
INSERT INTO "photos" ("id", "source_path", "location_id", "event_id", "date_override", "title", "caption", "livery", "caption_ai_assisted") VALUES ('2025-08-18-dsc00011', 'DSC00011.jpg', 'vn-tan-son-nhat-international-airport', NULL, NULL, '', 'Commercial traffic at Tan Son Nhat International Airport', '', 0);
INSERT INTO "photos" ("id", "source_path", "location_id", "event_id", "date_override", "title", "caption", "livery", "caption_ai_assisted") VALUES ('2025-08-18-dsc00026', 'DSC00026.jpg', 'vn-tan-son-nhat-international-airport', NULL, NULL, '', 'Commercial traffic at Tan Son Nhat International Airport', '', 0);
INSERT INTO "photos" ("id", "source_path", "location_id", "event_id", "date_override", "title", "caption", "livery", "caption_ai_assisted") VALUES ('2025-08-18-dsc00057', 'DSC00057.jpg', 'vn-tan-son-nhat-international-airport', NULL, NULL, '', 'Commercial traffic at Tan Son Nhat International Airport', '', 0);
INSERT INTO "photos" ("id", "source_path", "location_id", "event_id", "date_override", "title", "caption", "livery", "caption_ai_assisted") VALUES ('2025-08-18-dsc00091', 'DSC00091.jpg', 'vn-tan-son-nhat-international-airport', NULL, NULL, '', 'Commercial traffic at Tan Son Nhat International Airport', '', 0);
INSERT INTO "photos" ("id", "source_path", "location_id", "event_id", "date_override", "title", "caption", "livery", "caption_ai_assisted") VALUES ('2025-08-18-dsc00153', 'DSC00153.jpg', 'vn-tan-son-nhat-international-airport', NULL, NULL, '', 'Commercial traffic at Tan Son Nhat International Airport', '', 0);
INSERT INTO "photos" ("id", "source_path", "location_id", "event_id", "date_override", "title", "caption", "livery", "caption_ai_assisted") VALUES ('2025-11-29-dsc00991', 'QC_DSC00991.jpg', 'jp-tsuiki-air-base', 'jp-tsuiki-air-show-2025', NULL, '', 'F-2A from 6 TFS', '', 0);
INSERT INTO "photos" ("id", "source_path", "location_id", "event_id", "date_override", "title", "caption", "livery", "caption_ai_assisted") VALUES ('2025-11-29-dsc01142', 'DSC01142.jpg', 'jp-tsuiki-air-base', 'jp-tsuiki-air-show-2025', NULL, '', 'F-2A from 6 TFS', '', 0);
INSERT INTO "photos" ("id", "source_path", "location_id", "event_id", "date_override", "title", "caption", "livery", "caption_ai_assisted") VALUES ('2025-11-29-dsc01315', 'DSC01315.jpg', 'jp-tsuiki-air-base', 'jp-tsuiki-air-show-2025', NULL, '', 'F-2A from 6 TFS', '', 0);
INSERT INTO "photos" ("id", "source_path", "location_id", "event_id", "date_override", "title", "caption", "livery", "caption_ai_assisted") VALUES ('2025-11-29-dsc01459', 'DSC01459.jpg', 'jp-tsuiki-air-base', 'jp-tsuiki-air-show-2025', NULL, '', 'Blue Impulse performance during Tsuiki Air Show', '', 0);
INSERT INTO "photos" ("id", "source_path", "location_id", "event_id", "date_override", "title", "caption", "livery", "caption_ai_assisted") VALUES ('2025-11-29-dsc01654', 'QC_DSC01654.jpg', 'jp-tsuiki-air-base', 'jp-tsuiki-air-show-2025', NULL, '', 'Blue Impulse performance during Tsuiki Air Show', '', 0);
INSERT INTO "photos" ("id", "source_path", "location_id", "event_id", "date_override", "title", "caption", "livery", "caption_ai_assisted") VALUES ('2025-11-29-dsc01808', 'DSC01808.jpg', 'jp-tsuiki-air-base', 'jp-tsuiki-air-show-2025', NULL, '', 'Blue Impulse performance during Tsuiki Air Show', '', 0);
INSERT INTO "photos" ("id", "source_path", "location_id", "event_id", "date_override", "title", "caption", "livery", "caption_ai_assisted") VALUES ('2025-11-29-dsc01875', 'DSC01875.jpg', 'jp-tsuiki-air-base', 'jp-tsuiki-air-show-2025', NULL, '', 'Blue Impulse performance during Tsuiki Air Show', '', 0);
INSERT INTO "photos" ("id", "source_path", "location_id", "event_id", "date_override", "title", "caption", "livery", "caption_ai_assisted") VALUES ('2025-11-29-dsc01957', 'DSC01957.jpg', 'jp-tsuiki-air-base', 'jp-tsuiki-air-show-2025', NULL, '', 'Blue Impulse performance during Tsuiki Air Show', '', 0);
INSERT INTO "photos" ("id", "source_path", "location_id", "event_id", "date_override", "title", "caption", "livery", "caption_ai_assisted") VALUES ('2025-11-29-dsc02027', 'DSC02027.jpg', 'jp-tsuiki-air-base', 'jp-tsuiki-air-show-2025', NULL, '', 'Blue Impulse performance during Tsuiki Air Show', '', 0);
INSERT INTO "photos" ("id", "source_path", "location_id", "event_id", "date_override", "title", "caption", "livery", "caption_ai_assisted") VALUES ('2025-11-29-dsc02296', 'DSC02296.jpg', 'jp-tsuiki-air-base', 'jp-tsuiki-air-show-2025', NULL, '', 'Blue Impulse performance during Tsuiki Air Show', '', 0);
INSERT INTO "photos" ("id", "source_path", "location_id", "event_id", "date_override", "title", "caption", "livery", "caption_ai_assisted") VALUES ('2025-11-29-trio-jasdf-6tfs', 'trio_jasdf_6tfs.jpg', 'jp-tsuiki-air-base', 'jp-tsuiki-air-show-2025', NULL, '', 'A trio of Mitsubishi F-2A from 6th Tactical Fighter Squadron conducting fly-by at Tsuiki Air Base.', '', 0);
INSERT INTO "photos" ("id", "source_path", "location_id", "event_id", "date_override", "title", "caption", "livery", "caption_ai_assisted") VALUES ('2025-11-30-423022', '423022.jpg', 'jp-tsuiki-air-base', 'jp-tsuiki-air-show-2025', NULL, '', 'Hawker U-125A 42-3022 from the Air Rescue Wing during a SAR demonstration at Tsuiki Air Base.', '', 0);
INSERT INTO "photos" ("id", "source_path", "location_id", "event_id", "date_override", "title", "caption", "livery", "caption_ai_assisted") VALUES ('2025-11-30-584621', 'QC_584621.jpg', 'jp-tsuiki-air-base', 'jp-tsuiki-air-show-2025', NULL, '', 'Mitsubishi UH-60J 58-4621 from the Air Rescue Wing at Tsuiki Air Base', '', 0);
INSERT INTO "photos" ("id", "source_path", "location_id", "event_id", "date_override", "title", "caption", "livery", "caption_ai_assisted") VALUES ('2025-11-30-dsc02809', 'DSC02809.jpg', 'jp-tsuiki-air-base', 'jp-tsuiki-air-show-2025', NULL, '', 'A pair of F-2A performing a formation take-off', '', 0);
INSERT INTO "photos" ("id", "source_path", "location_id", "event_id", "date_override", "title", "caption", "livery", "caption_ai_assisted") VALUES ('2025-11-30-dsc02832', 'DSC02832.jpg', 'jp-tsuiki-air-base', 'jp-tsuiki-air-show-2025', NULL, '', 'A pair of F-2A performing a formation take-off', '', 0);
INSERT INTO "photos" ("id", "source_path", "location_id", "event_id", "date_override", "title", "caption", "livery", "caption_ai_assisted") VALUES ('2025-11-30-dsc03031', 'DSC03031.jpg', 'jp-tsuiki-air-base', 'jp-tsuiki-air-show-2025', NULL, '', 'F-2A taking off with full afterburners', '', 0);
INSERT INTO "photos" ("id", "source_path", "location_id", "event_id", "date_override", "title", "caption", "livery", "caption_ai_assisted") VALUES ('2025-11-30-dsc03104', 'DSC03104.jpg', 'jp-tsuiki-air-base', 'jp-tsuiki-air-show-2025', NULL, '', 'F-2A speeding up for take-off', '', 0);
INSERT INTO "photos" ("id", "source_path", "location_id", "event_id", "date_override", "title", "caption", "livery", "caption_ai_assisted") VALUES ('2025-11-30-dsc03112', 'DSC03112.jpg', 'jp-tsuiki-air-base', 'jp-tsuiki-air-show-2025', NULL, '', 'F-2A taking off with full afterburners', '', 0);
INSERT INTO "photos" ("id", "source_path", "location_id", "event_id", "date_override", "title", "caption", "livery", "caption_ai_assisted") VALUES ('2025-11-30-dsc03195', 'DSC03195.jpg', 'jp-tsuiki-air-base', 'jp-tsuiki-air-show-2025', NULL, '', 'T-4 trainer from 8 TFS landing at Tsuiki Air Base', '', 0);
INSERT INTO "photos" ("id", "source_path", "location_id", "event_id", "date_override", "title", "caption", "livery", "caption_ai_assisted") VALUES ('2025-11-30-dsc03208', 'DSC03208.jpg', 'jp-tsuiki-air-base', 'jp-tsuiki-air-show-2025', NULL, '', 'T-4 trainer from 8 TFS landing at Tsuiki Air Base', '', 0);
INSERT INTO "photos" ("id", "source_path", "location_id", "event_id", "date_override", "title", "caption", "livery", "caption_ai_assisted") VALUES ('2025-11-30-dsc03282', 'DSC03282.jpg', 'jp-tsuiki-air-base', 'jp-tsuiki-air-show-2025', NULL, '', 'T-4 trainer from 8 TFS landing at Tsuiki Air Base', '', 0);
INSERT INTO "photos" ("id", "source_path", "location_id", "event_id", "date_override", "title", "caption", "livery", "caption_ai_assisted") VALUES ('2025-11-30-dsc03398', 'DSC03398.jpg', 'jp-tsuiki-air-base', 'jp-tsuiki-air-show-2025', NULL, '', 'F-2A from 6 TFS', '', 0);
INSERT INTO "photos" ("id", "source_path", "location_id", "event_id", "date_override", "title", "caption", "livery", "caption_ai_assisted") VALUES ('2025-11-30-dsc03421', 'DSC03421.jpg', 'jp-tsuiki-air-base', 'jp-tsuiki-air-show-2025', NULL, '', 'Trio of F-2A from 8 TFS during a fly-by', '', 0);
INSERT INTO "photos" ("id", "source_path", "location_id", "event_id", "date_override", "title", "caption", "livery", "caption_ai_assisted") VALUES ('2025-11-30-dsc03436', 'DSC03436.jpg', 'jp-tsuiki-air-base', 'jp-tsuiki-air-show-2025', NULL, '', 'Trio of F-2A from 8 TFS during a fly-by', '', 0);
INSERT INTO "photos" ("id", "source_path", "location_id", "event_id", "date_override", "title", "caption", "livery", "caption_ai_assisted") VALUES ('2025-11-30-dsc03442', 'DSC03442.jpg', 'jp-tsuiki-air-base', 'jp-tsuiki-air-show-2025', NULL, '', 'Trio of F-2A from 8 TFS during a fly-by', '', 0);
INSERT INTO "photos" ("id", "source_path", "location_id", "event_id", "date_override", "title", "caption", "livery", "caption_ai_assisted") VALUES ('2025-11-30-dsc03813', 'DSC03813.jpg', 'jp-tsuiki-air-base', 'jp-tsuiki-air-show-2025', NULL, '', 'F-2A landing', '', 0);
INSERT INTO "photos" ("id", "source_path", "location_id", "event_id", "date_override", "title", "caption", "livery", "caption_ai_assisted") VALUES ('2025-11-30-dsc03889', 'DSC03889.jpg', 'jp-tsuiki-air-base', 'jp-tsuiki-air-show-2025', NULL, '', 'F-2A landing', '', 0);
INSERT INTO "photos" ("id", "source_path", "location_id", "event_id", "date_override", "title", "caption", "livery", "caption_ai_assisted") VALUES ('2025-11-30-dsc04333', 'DSC04333.jpg', 'jp-tsuiki-air-base', 'jp-tsuiki-air-show-2025', NULL, '', 'Air Rescue UH-60J during a SAR demo', '', 0);
INSERT INTO "photos" ("id", "source_path", "location_id", "event_id", "date_override", "title", "caption", "livery", "caption_ai_assisted") VALUES ('2025-11-30-dsc04340', 'DSC04340.jpg', 'jp-tsuiki-air-base', 'jp-tsuiki-air-show-2025', NULL, '', 'Air Rescue UH-60J during a SAR demo', '', 0);
INSERT INTO "photos" ("id", "source_path", "location_id", "event_id", "date_override", "title", "caption", "livery", "caption_ai_assisted") VALUES ('2025-11-30-dsc04414', 'DSC04414.jpg', 'jp-tsuiki-air-base', 'jp-tsuiki-air-show-2025', NULL, '', 'Air Rescue UH-60J during a SAR demo', '', 0);
INSERT INTO "photos" ("id", "source_path", "location_id", "event_id", "date_override", "title", "caption", "livery", "caption_ai_assisted") VALUES ('2025-11-30-dsc04463', 'DSC04463.jpg', 'jp-tsuiki-air-base', 'jp-tsuiki-air-show-2025', NULL, '', 'Air Rescue UH-60J during a SAR demo', '', 0);
INSERT INTO "photos" ("id", "source_path", "location_id", "event_id", "date_override", "title", "caption", "livery", "caption_ai_assisted") VALUES ('2025-11-30-dsc04723', 'DSC04723.jpg', 'jp-tsuiki-air-base', 'jp-tsuiki-air-show-2025', NULL, '', 'U-125A from Ashiya''s Air Rescue detachment at Tsuiki Air Base', '', 0);
INSERT INTO "photos" ("id", "source_path", "location_id", "event_id", "date_override", "title", "caption", "livery", "caption_ai_assisted") VALUES ('2025-11-30-dsc04734', 'DSC04734.jpg', 'jp-tsuiki-air-base', 'jp-tsuiki-air-show-2025', NULL, '', 'U-125A from Ashiya''s Air Rescue detachment at Tsuiki Air Base', '', 0);
INSERT INTO "photos" ("id", "source_path", "location_id", "event_id", "date_override", "title", "caption", "livery", "caption_ai_assisted") VALUES ('2025-11-30-dsc04783', 'DSC04783.jpg', 'jp-tsuiki-air-base', 'jp-tsuiki-air-show-2025', NULL, '', 'U-125A from Ashiya''s Air Rescue detachment at Tsuiki Air Base', '', 0);
INSERT INTO "photos" ("id", "source_path", "location_id", "event_id", "date_override", "title", "caption", "livery", "caption_ai_assisted") VALUES ('2025-11-30-dsc04818', 'DSC04818.jpg', 'jp-tsuiki-air-base', 'jp-tsuiki-air-show-2025', NULL, '', 'U-125A from Ashiya''s Air Rescue detachment at Tsuiki Air Base', '', 0);
INSERT INTO "photos" ("id", "source_path", "location_id", "event_id", "date_override", "title", "caption", "livery", "caption_ai_assisted") VALUES ('2025-11-30-dsc04857', 'DSC04857.jpg', 'jp-tsuiki-air-base', 'jp-tsuiki-air-show-2025', NULL, '', 'U-125A from Ashiya''s Air Rescue detachment at Tsuiki Air Base', '', 0);
INSERT INTO "photos" ("id", "source_path", "location_id", "event_id", "date_override", "title", "caption", "livery", "caption_ai_assisted") VALUES ('2025-11-30-dsc04987', 'QC_DSC04987.jpg', 'jp-tsuiki-air-base', 'jp-tsuiki-air-show-2025', NULL, '', 'JASDF KC-46A Pegasus at Tsuiki Air Base', '', 0);
INSERT INTO "photos" ("id", "source_path", "location_id", "event_id", "date_override", "title", "caption", "livery", "caption_ai_assisted") VALUES ('2025-11-30-dsc05021', 'DSC05021.jpg', 'jp-tsuiki-air-base', 'jp-tsuiki-air-show-2025', NULL, '', 'JASDF KC-46A Pegasus at Tsuiki Air Base', '', 0);
INSERT INTO "photos" ("id", "source_path", "location_id", "event_id", "date_override", "title", "caption", "livery", "caption_ai_assisted") VALUES ('2025-11-30-dsc05042', 'DSC05042.jpg', 'jp-tsuiki-air-base', 'jp-tsuiki-air-show-2025', NULL, '', 'JASDF KC-46A Pegasus at Tsuiki Air Base', '', 0);
INSERT INTO "photos" ("id", "source_path", "location_id", "event_id", "date_override", "title", "caption", "livery", "caption_ai_assisted") VALUES ('2025-11-30-dsc05061', 'DSC05061.jpg', 'jp-tsuiki-air-base', 'jp-tsuiki-air-show-2025', NULL, '', 'JASDF KC-46A Pegasus at Tsuiki Air Base', '', 0);
INSERT INTO "photos" ("id", "source_path", "location_id", "event_id", "date_override", "title", "caption", "livery", "caption_ai_assisted") VALUES ('2025-11-30-dsc05117', 'DSC05117.jpg', 'jp-tsuiki-air-base', 'jp-tsuiki-air-show-2025', NULL, '', 'OH-1 performance during Tsuiki Air Show', '', 0);
INSERT INTO "photos" ("id", "source_path", "location_id", "event_id", "date_override", "title", "caption", "livery", "caption_ai_assisted") VALUES ('2025-11-30-dsc05132', 'DSC05132.jpg', 'jp-tsuiki-air-base', 'jp-tsuiki-air-show-2025', NULL, '', 'OH-1 performance during Tsuiki Air Show', '', 0);
INSERT INTO "photos" ("id", "source_path", "location_id", "event_id", "date_override", "title", "caption", "livery", "caption_ai_assisted") VALUES ('2025-11-30-dsc05292', 'DSC05292.jpg', 'jp-tsuiki-air-base', 'jp-tsuiki-air-show-2025', NULL, '', 'OH-1 performance during Tsuiki Air Show', '', 0);
INSERT INTO "photos" ("id", "source_path", "location_id", "event_id", "date_override", "title", "caption", "livery", "caption_ai_assisted") VALUES ('2025-11-30-dsc05622', 'QC_DSC05622.jpg', 'jp-tsuiki-air-base', 'jp-tsuiki-air-show-2025', NULL, '', 'OH-1 performance during Tsuiki Air Show', '', 0);
INSERT INTO "photos" ("id", "source_path", "location_id", "event_id", "date_override", "title", "caption", "livery", "caption_ai_assisted") VALUES ('2025-11-30-dsc05784', 'DSC05784.jpg', 'jp-tsuiki-air-base', 'jp-tsuiki-air-show-2025', NULL, '', 'OH-1 performance during Tsuiki Air Show', '', 0);
INSERT INTO "photos" ("id", "source_path", "location_id", "event_id", "date_override", "title", "caption", "livery", "caption_ai_assisted") VALUES ('2025-11-30-dsc05803', 'DSC05803.jpg', 'jp-tsuiki-air-base', 'jp-tsuiki-air-show-2025', NULL, '', 'OH-1 performance during Tsuiki Air Show', '', 0);
INSERT INTO "photos" ("id", "source_path", "location_id", "event_id", "date_override", "title", "caption", "livery", "caption_ai_assisted") VALUES ('2025-11-30-dsc05844', 'DSC05844.jpg', 'jp-tsuiki-air-base', 'jp-tsuiki-air-show-2025', NULL, '', 'OH-1 performance during Tsuiki Air Show', '', 0);
INSERT INTO "photos" ("id", "source_path", "location_id", "event_id", "date_override", "title", "caption", "livery", "caption_ai_assisted") VALUES ('2025-11-30-dsc05868', 'DSC05868.jpg', 'jp-tsuiki-air-base', 'jp-tsuiki-air-show-2025', NULL, '', 'OH-1 performance during Tsuiki Air Show', '', 0);
INSERT INTO "photos" ("id", "source_path", "location_id", "event_id", "date_override", "title", "caption", "livery", "caption_ai_assisted") VALUES ('2025-11-30-dsc05935', 'DSC05935.jpg', 'jp-tsuiki-air-base', 'jp-tsuiki-air-show-2025', NULL, '', 'OH-1 performance during Tsuiki Air Show', '', 0);
INSERT INTO "photos" ("id", "source_path", "location_id", "event_id", "date_override", "title", "caption", "livery", "caption_ai_assisted") VALUES ('2025-11-30-trio-jasdf-8tfs', 'trio_jasdf_8tfs.jpg', 'jp-tsuiki-air-base', 'jp-tsuiki-air-show-2025', NULL, '', 'Three Mitsubishi F-2A aircraft from the 8th Tactical Fighter Squadron fly in formation at Tsuiki Air Base.', '', 0);
INSERT INTO "photos" ("id", "source_path", "location_id", "event_id", "date_override", "title", "caption", "livery", "caption_ai_assisted") VALUES ('2025-12-03-728893', '728893.jpg', 'jp-komatsu-air-base', NULL, NULL, '', 'Mitsubishi F-15J Eagle from the 303rd Tactical Fighter Squadron takes off from Komatsu Air Base', '', 0);
INSERT INTO "photos" ("id", "source_path", "location_id", "event_id", "date_override", "title", "caption", "livery", "caption_ai_assisted") VALUES ('2025-12-04-928907', '928907.jpg', 'jp-komatsu-air-base', NULL, NULL, '', 'A Mitsubishi F-15J Eagle from the 306th Tactical Fighter Squadron takes off from Komatsu Air Base.', '', 0);
INSERT INTO "photos" ("id", "source_path", "location_id", "event_id", "date_override", "title", "caption", "livery", "caption_ai_assisted") VALUES ('2025-12-07-dsc05020', 'DSC05020.jpg', 'jp-komatsu-air-base', NULL, NULL, '', 'C-2 at Komatsu Air Base', '', 0);
INSERT INTO "photos" ("id", "source_path", "location_id", "event_id", "date_override", "title", "caption", "livery", "caption_ai_assisted") VALUES ('2025-12-07-dsc05029', 'DSC05029.jpg', 'jp-komatsu-air-base', NULL, NULL, '', 'C-2 at Komatsu Air Base', '', 0);
INSERT INTO "photos" ("id", "source_path", "location_id", "event_id", "date_override", "title", "caption", "livery", "caption_ai_assisted") VALUES ('2025-12-07-dsc05045', 'DSC05045.jpg', 'jp-komatsu-air-base', NULL, NULL, '', 'C-2 at Komatsu Air Base', '', 0);
INSERT INTO "photos" ("id", "source_path", "location_id", "event_id", "date_override", "title", "caption", "livery", "caption_ai_assisted") VALUES ('2025-12-07-dsc05101', 'DSC05101.jpg', 'jp-komatsu-air-base', NULL, NULL, '', 'C-2 at Komatsu Air Base', '', 0);
INSERT INTO "photos" ("id", "source_path", "location_id", "event_id", "date_override", "title", "caption", "livery", "caption_ai_assisted") VALUES ('2025-12-09-204-sunset', 'QC_204_sunset.jpg', 'jp-naha-air-base', NULL, NULL, '', 'Mitsubishi F-15J Eagle from the 204th Tactical Fighter Squadron landing at Naha Air Base in Okinawa, Japan at sunset', '', 0);
INSERT INTO "photos" ("id", "source_path", "location_id", "event_id", "date_override", "title", "caption", "livery", "caption_ai_assisted") VALUES ('2025-12-10-181202', '181202.jpg', 'jp-naha-air-base', NULL, NULL, '', 'Kawasaki RC-2 (18-1202) landing at Naha Air Base', '', 0);
INSERT INTO "photos" ("id", "source_path", "location_id", "event_id", "date_override", "title", "caption", "livery", "caption_ai_assisted") VALUES ('2025-12-10-zz-0007', 'zz_0007.jpg', 'jp-kadena-air-base', NULL, NULL, '', 'U.S. Air Force Boeing E-3G Sentry from the 961st Airborne Air Control Squadron at Kadena Air Base', '', 0);
INSERT INTO "photos" ("id", "source_path", "location_id", "event_id", "date_override", "title", "caption", "livery", "caption_ai_assisted") VALUES ('2025-12-11-dsc04209', 'DSC04209.jpg', 'jp-naha-air-base', NULL, NULL, '', 'An E-2D Hawkeye from the 603rd Squadron, marked 476, taxis on the runway at Naha Air Base.', '', 0);
INSERT INTO "photos" ("id", "source_path", "location_id", "event_id", "date_override", "title", "caption", "livery", "caption_ai_assisted") VALUES ('2025-12-11-dsc04372', 'DSC04372.jpg', 'jp-naha-air-base', NULL, NULL, '', 'An E-2D Hawkeye from the 603rd Squadron, marked 476, taxis on the runway at Naha Air Base.', '', 0);
INSERT INTO "photos" ("id", "source_path", "location_id", "event_id", "date_override", "title", "caption", "livery", "caption_ai_assisted") VALUES ('2025-12-12-128925', '128925.jpg', 'jp-naha-air-base', NULL, NULL, '', 'Mitsubishi F-15J Eagle (12-8925) landing at Naha Air Base', '', 0);
INSERT INTO "photos" ("id", "source_path", "location_id", "event_id", "date_override", "title", "caption", "livery", "caption_ai_assisted") VALUES ('2025-12-12-dsc00567', 'DSC00567.jpg', 'jp-naha-air-base', NULL, NULL, '', 'An E-2D Hawkeye from the 603rd Squadron, marked 477, on approach for Naha Air Base', '', 0);
INSERT INTO "photos" ("id", "source_path", "location_id", "event_id", "date_override", "title", "caption", "livery", "caption_ai_assisted") VALUES ('2025-12-12-dsc00700', 'DSC00700.jpg', 'jp-mcas-futenma', NULL, NULL, '', 'USMC Super Stallion at Futenma Air Base', '', 0);
INSERT INTO "photos" ("id", "source_path", "location_id", "event_id", "date_override", "title", "caption", "livery", "caption_ai_assisted") VALUES ('2025-12-12-dsc00703', 'DSC00703.jpg', 'jp-mcas-futenma', NULL, NULL, '', 'Aircraft on the tarmac at Futenma Air Base', '', 0);
INSERT INTO "photos" ("id", "source_path", "location_id", "event_id", "date_override", "title", "caption", "livery", "caption_ai_assisted") VALUES ('2025-12-12-dsc00733', 'DSC00733.jpg', 'jp-mcas-futenma', NULL, NULL, '', 'Super Stallion at Futenma Air Base', '', 0);
INSERT INTO "photos" ("id", "source_path", "location_id", "event_id", "date_override", "title", "caption", "livery", "caption_ai_assisted") VALUES ('2025-12-12-dsc00737', 'DSC00737.jpg', 'jp-mcas-futenma', NULL, NULL, '', 'Venom at Futenma Air Base', '', 0);
INSERT INTO "photos" ("id", "source_path", "location_id", "event_id", "date_override", "title", "caption", "livery", "caption_ai_assisted") VALUES ('2025-12-12-dsc00757', 'DSC00757.jpg', 'jp-mcas-futenma', NULL, NULL, '', 'Super Stallion at Futenma Air Base', '', 0);
INSERT INTO "photos" ("id", "source_path", "location_id", "event_id", "date_override", "title", "caption", "livery", "caption_ai_assisted") VALUES ('2025-12-12-dsc00765', 'DSC00765.jpg', 'jp-mcas-futenma', NULL, NULL, '', 'USMC UC-35 at Futenma Air Base', '', 0);
INSERT INTO "photos" ("id", "source_path", "location_id", "event_id", "date_override", "title", "caption", "livery", "caption_ai_assisted") VALUES ('2025-12-12-dsc00879', 'DSC00879.jpg', 'jp-mcas-futenma', NULL, NULL, '', 'Bell UH-1Y Venom landing at Futenma Air Base', '', 0);
INSERT INTO "photos" ("id", "source_path", "location_id", "event_id", "date_override", "title", "caption", "livery", "caption_ai_assisted") VALUES ('2026-01-10-dsc04052', 'DSC04052.jpg', 'th-don-muang-royal-thai-air-force-base', 'th-wan-dek-2026', NULL, '', 'RTAF F-16B making a fly-over', '', 0);
INSERT INTO "photos" ("id", "source_path", "location_id", "event_id", "date_override", "title", "caption", "livery", "caption_ai_assisted") VALUES ('2026-01-10-dsc04059', 'DSC04059.jpg', 'th-don-muang-royal-thai-air-force-base', 'th-wan-dek-2026', NULL, '', 'RTAF F-16B making a fly-over', '', 0);
INSERT INTO "photos" ("id", "source_path", "location_id", "event_id", "date_override", "title", "caption", "livery", "caption_ai_assisted") VALUES ('2026-01-10-dsc04065', 'DSC04065.jpg', 'th-don-muang-royal-thai-air-force-base', 'th-wan-dek-2026', NULL, '', 'RTAF F-16B making a fly-over', '', 0);
INSERT INTO "photos" ("id", "source_path", "location_id", "event_id", "date_override", "title", "caption", "livery", "caption_ai_assisted") VALUES ('2026-01-10-dsc04071', 'DSC04071.jpg', 'th-don-muang-royal-thai-air-force-base', 'th-wan-dek-2026', NULL, '', 'RTAF F-16B making a fly-over', '', 0);
INSERT INTO "photos" ("id", "source_path", "location_id", "event_id", "date_override", "title", "caption", "livery", "caption_ai_assisted") VALUES ('2026-01-10-dsc04086', 'DSC04086.jpg', 'th-don-muang-royal-thai-air-force-base', 'th-wan-dek-2026', NULL, '', 'RTAF F-16A from 103 SQN taxiing on the ground for takeoff', '', 0);
INSERT INTO "photos" ("id", "source_path", "location_id", "event_id", "date_override", "title", "caption", "livery", "caption_ai_assisted") VALUES ('2026-01-10-dsc04119', 'DSC04119.jpg', 'th-don-muang-royal-thai-air-force-base', 'th-wan-dek-2026', NULL, '', 'RTAF F-16A from 103 SQN taxiing on the ground for takeoff', '', 0);
INSERT INTO "photos" ("id", "source_path", "location_id", "event_id", "date_override", "title", "caption", "livery", "caption_ai_assisted") VALUES ('2026-01-10-dsc04380', 'QC_DSC04380.jpg', 'th-don-muang-royal-thai-air-force-base', 'th-wan-dek-2026', NULL, '', 'RTAF F-16A from 103 SQN during a Wan Dek performance', '', 0);
INSERT INTO "photos" ("id", "source_path", "location_id", "event_id", "date_override", "title", "caption", "livery", "caption_ai_assisted") VALUES ('2026-01-10-dsc04426', 'DSC04426.jpg', 'th-don-muang-royal-thai-air-force-base', 'th-wan-dek-2026', NULL, '', 'RTAF F-16A from 103 SQN during a Wan Dek performance', '', 0);
INSERT INTO "photos" ("id", "source_path", "location_id", "event_id", "date_override", "title", "caption", "livery", "caption_ai_assisted") VALUES ('2026-01-10-dsc04617', 'QC_DSC04617.jpg', 'th-don-muang-royal-thai-air-force-base', 'th-wan-dek-2026', NULL, '', 'RTAF F-16A from 103 SQN during a Wan Dek performance', '', 0);
INSERT INTO "photos" ("id", "source_path", "location_id", "event_id", "date_override", "title", "caption", "livery", "caption_ai_assisted") VALUES ('2026-01-10-dsc04717', 'QC_DSC04717.jpg', 'th-don-muang-royal-thai-air-force-base', 'th-wan-dek-2026', NULL, '', 'RTAF F-16A from 103 SQN during a Wan Dek performance', '', 0);
INSERT INTO "photos" ("id", "source_path", "location_id", "event_id", "date_override", "title", "caption", "livery", "caption_ai_assisted") VALUES ('2026-01-10-dsc04848', 'DSC04848.jpg', 'th-don-muang-royal-thai-air-force-base', 'th-wan-dek-2026', NULL, '', 'RTAF F-16A from 103 SQN during a Wan Dek performance', '', 0);
INSERT INTO "photos" ("id", "source_path", "location_id", "event_id", "date_override", "title", "caption", "livery", "caption_ai_assisted") VALUES ('2026-01-10-dsc05150', 'DSC05150.jpg', 'th-don-muang-royal-thai-air-force-base', 'th-wan-dek-2026', NULL, '', 'RTAF Gripen C from 701 SQN taxiing on the ground for takeoff', '', 0);
INSERT INTO "photos" ("id", "source_path", "location_id", "event_id", "date_override", "title", "caption", "livery", "caption_ai_assisted") VALUES ('2026-01-10-dsc05209', 'DSC05209.jpg', 'th-don-muang-royal-thai-air-force-base', 'th-wan-dek-2026', NULL, '', 'RTAF Gripen C from 701 SQN taxiing on the ground for takeoff', '', 0);
INSERT INTO "photos" ("id", "source_path", "location_id", "event_id", "date_override", "title", "caption", "livery", "caption_ai_assisted") VALUES ('2026-01-10-dsc05227', 'DSC05227.jpg', 'th-don-muang-royal-thai-air-force-base', 'th-wan-dek-2026', NULL, '', 'RTAF Gripen C from 701 SQN during a Wan Dek performance', '', 0);
INSERT INTO "photos" ("id", "source_path", "location_id", "event_id", "date_override", "title", "caption", "livery", "caption_ai_assisted") VALUES ('2026-01-10-dsc05230', 'QC_DSC05230.jpg', 'th-don-muang-royal-thai-air-force-base', 'th-wan-dek-2026', NULL, '', 'RTAF Gripen C from 701 SQN during a Wan Dek performance', '', 0);
INSERT INTO "photos" ("id", "source_path", "location_id", "event_id", "date_override", "title", "caption", "livery", "caption_ai_assisted") VALUES ('2026-01-10-dsc05296', 'DSC05296.jpg', 'th-don-muang-royal-thai-air-force-base', 'th-wan-dek-2026', NULL, '', 'RTAF Gripen C from 701 SQN during a Wan Dek performance', '', 0);
INSERT INTO "photos" ("id", "source_path", "location_id", "event_id", "date_override", "title", "caption", "livery", "caption_ai_assisted") VALUES ('2026-01-10-dsc05309', 'QC_DSC05309.jpg', 'th-don-muang-royal-thai-air-force-base', 'th-wan-dek-2026', NULL, '', 'RTAF Gripen C from 701 SQN during a Wan Dek performance', '', 0);
INSERT INTO "photos" ("id", "source_path", "location_id", "event_id", "date_override", "title", "caption", "livery", "caption_ai_assisted") VALUES ('2026-01-10-dsc05351', 'DSC05351.jpg', 'th-don-muang-royal-thai-air-force-base', 'th-wan-dek-2026', NULL, '', 'RTAF Gripen C from 701 SQN during a Wan Dek performance', '', 0);
INSERT INTO "photos" ("id", "source_path", "location_id", "event_id", "date_override", "title", "caption", "livery", "caption_ai_assisted") VALUES ('2026-01-10-dsc05401', 'DSC05401.jpg', 'th-don-muang-royal-thai-air-force-base', 'th-wan-dek-2026', NULL, '', 'RTAF Gripen C from 701 SQN during a Wan Dek performance', '', 0);
INSERT INTO "photos" ("id", "source_path", "location_id", "event_id", "date_override", "title", "caption", "livery", "caption_ai_assisted") VALUES ('2026-01-10-dsc05407', 'DSC05407.jpg', 'th-don-muang-royal-thai-air-force-base', 'th-wan-dek-2026', NULL, '', 'RTAF Gripen C from 701 SQN during a Wan Dek performance', '', 0);
INSERT INTO "photos" ("id", "source_path", "location_id", "event_id", "date_override", "title", "caption", "livery", "caption_ai_assisted") VALUES ('2026-01-10-dsc05537', 'QC_DSC05537.jpg', 'th-don-muang-royal-thai-air-force-base', 'th-wan-dek-2026', NULL, '', 'RTAF Gripen C from 701 SQN during a Wan Dek performance', '', 0);
INSERT INTO "photos" ("id", "source_path", "location_id", "event_id", "date_override", "title", "caption", "livery", "caption_ai_assisted") VALUES ('2026-01-10-dsc05649', 'DSC05649.jpg', 'th-don-muang-royal-thai-air-force-base', 'th-wan-dek-2026', NULL, '', 'RTAF Gripen C from 701 SQN during a Wan Dek performance', '', 0);
INSERT INTO "photos" ("id", "source_path", "location_id", "event_id", "date_override", "title", "caption", "livery", "caption_ai_assisted") VALUES ('2026-01-10-dsc05725', 'DSC05725.jpg', 'th-don-muang-royal-thai-air-force-base', 'th-wan-dek-2026', NULL, '', 'RTAF Gripen at Don Muang', '', 0);
INSERT INTO "photos" ("id", "source_path", "location_id", "event_id", "date_override", "title", "caption", "livery", "caption_ai_assisted") VALUES ('2026-01-10-dsc05813', 'DSC05813.jpg', 'th-don-muang-royal-thai-air-force-base', 'th-wan-dek-2026', NULL, '', 'RTAF Beechcraft AT-6TH Wolverine performing during Wan Dek', '', 0);
INSERT INTO "photos" ("id", "source_path", "location_id", "event_id", "date_override", "title", "caption", "livery", "caption_ai_assisted") VALUES ('2026-01-10-dsc05983', 'DSC05983.jpg', 'th-don-muang-royal-thai-air-force-base', 'th-wan-dek-2026', NULL, '', 'RTAF Beechcraft AT-6TH Wolverine performing during Wan Dek', '', 0);
INSERT INTO "photos" ("id", "source_path", "location_id", "event_id", "date_override", "title", "caption", "livery", "caption_ai_assisted") VALUES ('2026-01-10-dsc06077', 'DSC06077.jpg', 'th-don-muang-royal-thai-air-force-base', 'th-wan-dek-2026', NULL, '', 'RTAF Beechcraft AT-6TH Wolverine performing during Wan Dek', '', 0);
INSERT INTO "photos" ("id", "source_path", "location_id", "event_id", "date_override", "title", "caption", "livery", "caption_ai_assisted") VALUES ('2026-01-10-dsc06084', 'DSC06084.jpg', 'th-don-muang-royal-thai-air-force-base', 'th-wan-dek-2026', NULL, '', 'RTAF Beechcraft AT-6TH Wolverine performing during Wan Dek', '', 0);
INSERT INTO "photos" ("id", "source_path", "location_id", "event_id", "date_override", "title", "caption", "livery", "caption_ai_assisted") VALUES ('2026-01-10-dsc06216', 'DSC06216.jpg', 'th-don-muang-royal-thai-air-force-base', 'th-wan-dek-2026', NULL, '', 'RTAF Beechcraft AT-6TH Wolverine performing during Wan Dek', '', 0);
INSERT INTO "photos" ("id", "source_path", "location_id", "event_id", "date_override", "title", "caption", "livery", "caption_ai_assisted") VALUES ('2026-01-10-dsc06226', 'QC_DSC06226.jpg', 'th-don-muang-royal-thai-air-force-base', 'th-wan-dek-2026', NULL, '', 'RTAF Beechcraft AT-6TH Wolverine performing during Wan Dek', '', 0);
INSERT INTO "photos" ("id", "source_path", "location_id", "event_id", "date_override", "title", "caption", "livery", "caption_ai_assisted") VALUES ('2026-01-10-dsc06346', 'DSC06346.jpg', 'th-don-muang-royal-thai-air-force-base', 'th-wan-dek-2026', NULL, '', 'RTAF Beechcraft AT-6TH Wolverine performing during Wan Dek', '', 0);
INSERT INTO "photos" ("id", "source_path", "location_id", "event_id", "date_override", "title", "caption", "livery", "caption_ai_assisted") VALUES ('2026-01-10-dsc06402', 'DSC06402.jpg', 'th-don-muang-royal-thai-air-force-base', 'th-wan-dek-2026', NULL, '', 'RTAF Beechcraft AT-6TH Wolverine performing during Wan Dek', '', 0);
INSERT INTO "photos" ("id", "source_path", "location_id", "event_id", "date_override", "title", "caption", "livery", "caption_ai_assisted") VALUES ('2026-01-10-dsc06434', 'DSC06434.jpg', 'th-don-muang-royal-thai-air-force-base', 'th-wan-dek-2026', NULL, '', 'RTAF Beechcraft AT-6TH Wolverine performing during Wan Dek', '', 0);
INSERT INTO "photos" ("id", "source_path", "location_id", "event_id", "date_override", "title", "caption", "livery", "caption_ai_assisted") VALUES ('2026-01-31-raaf-f35a-3', 'raaf_f35a_3.jpg', 'sg-changi-exhibition-centre', 'sg-singapore-airshow-2026', NULL, '', '75 Squadron F-35A Lightning II at Changi Exhibition Center', '', 0);
INSERT INTO "photos" ("id", "source_path", "location_id", "event_id", "date_override", "title", "caption", "livery", "caption_ai_assisted") VALUES ('2026-01-31-raaf-f35a-4', 'QC_raaf_f35a_4.jpg', 'sg-changi-exhibition-centre', 'sg-singapore-airshow-2026', NULL, '', '75 Squadron F-35A Lightning II at Changi Exhibition Center', '', 0);
INSERT INTO "photos" ("id", "source_path", "location_id", "event_id", "date_override", "title", "caption", "livery", "caption_ai_assisted") VALUES ('2026-02-03-raaf-f35a-1', 'raaf_f35a_1.jpg', 'sg-changi-exhibition-centre', 'sg-singapore-airshow-2026', NULL, '', 'Lockheed Martin F-35A Lightning II from 75 Squadron making a low pass at Changi Exhibition Center', '', 0);
INSERT INTO "photos" ("id", "source_path", "location_id", "event_id", "date_override", "title", "caption", "livery", "caption_ai_assisted") VALUES ('2026-02-03-raaf-f35a-2', 'raaf_f35a_2.jpg', 'sg-changi-exhibition-centre', 'sg-singapore-airshow-2026', NULL, '', 'RAAF F-35A 75 Squadron at Changi Exhibition Center', '', 0);
INSERT INTO "photos" ("id", "source_path", "location_id", "event_id", "date_override", "title", "caption", "livery", "caption_ai_assisted") VALUES ('2026-02-03-rsaf-apache-flare', 'rsaf_apache_flare.jpg', 'sg-changi-exhibition-centre', 'sg-singapore-airshow-2026', NULL, '', 'RSAF Apache from 120 SQN deploying flares at Singapore Airshow 2026.', '', 0);
INSERT INTO "photos" ("id", "source_path", "location_id", "event_id", "date_override", "title", "caption", "livery", "caption_ai_assisted") VALUES ('2026-04-07-dsc05905', 'DSC05905.jpg', 'jp-komaki-air-base', NULL, NULL, '', 'JASDF ADTW F-2B (101) taking off from Komaki Air Base', '', 0);
INSERT INTO "photos" ("id", "source_path", "location_id", "event_id", "date_override", "title", "caption", "livery", "caption_ai_assisted") VALUES ('2026-04-07-dsc05913', 'DSC05913.jpg', 'jp-komaki-air-base', NULL, NULL, '', 'JASDF ADTW F-2B (101) taking off from Komaki Air Base', '', 0);
INSERT INTO "photos" ("id", "source_path", "location_id", "event_id", "date_override", "title", "caption", "livery", "caption_ai_assisted") VALUES ('2026-04-07-dsc05922', 'DSC05922.jpg', 'jp-komaki-air-base', NULL, NULL, '', 'JASDF ADTW F-2B (101) taking off from Komaki Air Base', '', 0);
INSERT INTO "photos" ("id", "source_path", "location_id", "event_id", "date_override", "title", "caption", "livery", "caption_ai_assisted") VALUES ('2026-04-07-dsc05940', 'DSC05940.jpg', 'jp-komaki-air-base', NULL, NULL, '', 'JASDF ADTW F-2B (101) taking off from Komaki Air Base', '', 0);
INSERT INTO "photos" ("id", "source_path", "location_id", "event_id", "date_override", "title", "caption", "livery", "caption_ai_assisted") VALUES ('2026-04-07-dsc06321', 'DSC06321.jpg', 'jp-komaki-air-base', NULL, NULL, '', 'JASDF ADTW F-2B (101) taking off from Komaki Air Base', '', 0);
INSERT INTO "photos" ("id", "source_path", "location_id", "event_id", "date_override", "title", "caption", "livery", "caption_ai_assisted") VALUES ('2026-04-07-dsc06333', 'DSC06333.jpg', 'jp-komaki-air-base', NULL, NULL, '', 'JASDF ADTW F-2B (101) taking off from Komaki Air Base', '', 0);
INSERT INTO "photos" ("id", "source_path", "location_id", "event_id", "date_override", "title", "caption", "livery", "caption_ai_assisted") VALUES ('2026-04-08-081201', '081201.jpg', 'jp-gifu-air-base', NULL, NULL, '', 'Kawasaki C-2 08-1201 from ADTW landing at Gifu Air Base', '', 0);
INSERT INTO "photos" ("id", "source_path", "location_id", "event_id", "date_override", "title", "caption", "livery", "caption_ai_assisted") VALUES ('2026-04-08-128928', '128928.jpg', 'jp-gifu-air-base', NULL, NULL, '', 'Mitsubishi F-15J (12-8928) from ADTW landing at Gifu Air Base', '', 0);
INSERT INTO "photos" ("id", "source_path", "location_id", "event_id", "date_override", "title", "caption", "livery", "caption_ai_assisted") VALUES ('2026-04-08-638101', '638101.jpg', 'jp-gifu-air-base', NULL, NULL, '', 'Mitsubishi F-2B (63-8101) landing at Gifu Air Base', '', 0);
INSERT INTO "photos" ("id", "source_path", "location_id", "event_id", "date_override", "title", "caption", "livery", "caption_ai_assisted") VALUES ('2026-04-08-681203', '681203.jpg', 'jp-gifu-air-base', NULL, NULL, '', 'Kawasaki EC-2 (68-1203) landing at Gifu Air Base after a test flight.', '', 0);
INSERT INTO "photos" ("id", "source_path", "location_id", "event_id", "date_override", "title", "caption", "livery", "caption_ai_assisted") VALUES ('2026-04-08-xx5606', 'QC_xx5606.jpg', 'jp-gifu-air-base', NULL, NULL, '', 'Kawasaki T-4 from the Air Development and Test Wing landing at Gifu Air Base', '', 0);
INSERT INTO "photos" ("id", "source_path", "location_id", "event_id", "date_override", "title", "caption", "livery", "caption_ai_assisted") VALUES ('2026-04-08-xx8523', 'QC_xx8523.jpg', 'jp-gifu-air-base', NULL, NULL, '', 'Mitsubishi F-2A from ADTW landing at Gifu Air Base', '', 0);

INSERT INTO "photo_subjects" ("photo_id", "position", "aircraft_id", "unit_id", "is_primary") VALUES ('2022-10-18-dsc04841-enhanced', 0, 'boeing-f-15sg-strike-eagle', 'sg-149-squadron', 1);
INSERT INTO "photo_subjects" ("photo_id", "position", "aircraft_id", "unit_id", "is_primary") VALUES ('2022-10-18-dsc05039-enhanced', 0, 'lockheed-p-3k2-orion', 'nz-no-5-squadron', 1);
INSERT INTO "photo_subjects" ("photo_id", "position", "aircraft_id", "unit_id", "is_primary") VALUES ('2022-11-23-dsc09472', 0, 'dornier-228', 'in-indian-naval-air-squadrons-inas', 1);
INSERT INTO "photo_subjects" ("photo_id", "position", "aircraft_id", "unit_id", "is_primary") VALUES ('2022-11-23-dsc09504', 0, 'dornier-228', 'in-indian-naval-air-squadrons-inas', 1);
INSERT INTO "photo_subjects" ("photo_id", "position", "aircraft_id", "unit_id", "is_primary") VALUES ('2023-01-17-beluga-1', 0, 'airbus-a300-600st', 'fr-airbus', 1);
INSERT INTO "photo_subjects" ("photo_id", "position", "aircraft_id", "unit_id", "is_primary") VALUES ('2023-01-17-beluga-2', 0, 'airbus-a300-600st', 'fr-airbus', 1);
INSERT INTO "photo_subjects" ("photo_id", "position", "aircraft_id", "unit_id", "is_primary") VALUES ('2023-02-07-c2-vrc30', 0, 'grumman-c-2a-greyhound', 'us-vrc-30', 1);
INSERT INTO "photo_subjects" ("photo_id", "position", "aircraft_id", "unit_id", "is_primary") VALUES ('2023-02-23-honeywell-1', 0, 'boeing-757', 'us-honeywell', 1);
INSERT INTO "photo_subjects" ("photo_id", "position", "aircraft_id", "unit_id", "is_primary") VALUES ('2023-02-23-honeywell-2', 0, 'boeing-757', 'us-honeywell', 1);
INSERT INTO "photo_subjects" ("photo_id", "position", "aircraft_id", "unit_id", "is_primary") VALUES ('2023-04-29-firefly-1', 0, 'atr-72-500', 'my-firefly', 1);
INSERT INTO "photo_subjects" ("photo_id", "position", "aircraft_id", "unit_id", "is_primary") VALUES ('2023-04-29-firefly-2', 0, 'atr-72-500', 'my-firefly', 1);
INSERT INTO "photo_subjects" ("photo_id", "position", "aircraft_id", "unit_id", "is_primary") VALUES ('2023-05-16-wolfhound-1', 0, 'dornier-c-146a-wolfhound', 'us-usaf-special-operations-command', 1);
INSERT INTO "photo_subjects" ("photo_id", "position", "aircraft_id", "unit_id", "is_primary") VALUES ('2023-05-23-dsc00014-enhanced-nr', 0, 'airbus-a330-mrtt', 'sg-112-squadron', 1);
INSERT INTO "photo_subjects" ("photo_id", "position", "aircraft_id", "unit_id", "is_primary") VALUES ('2023-05-23-dsc00026-enhanced-nr', 0, 'airbus-a330-mrtt', 'sg-112-squadron', 1);
INSERT INTO "photo_subjects" ("photo_id", "position", "aircraft_id", "unit_id", "is_primary") VALUES ('2023-05-23-dsc00038-enhanced-nr', 0, 'airbus-a330-mrtt', 'sg-112-squadron', 1);
INSERT INTO "photo_subjects" ("photo_id", "position", "aircraft_id", "unit_id", "is_primary") VALUES ('2023-05-23-dsc00126-enhanced-nr', 0, 'airbus-a330-mrtt', 'sg-112-squadron', 1);
INSERT INTO "photo_subjects" ("photo_id", "position", "aircraft_id", "unit_id", "is_primary") VALUES ('2023-05-23-dsc09861-enhanced-nr', 0, 'gulfstream-g550-caew', 'sg-111-squadron', 1);
INSERT INTO "photo_subjects" ("photo_id", "position", "aircraft_id", "unit_id", "is_primary") VALUES ('2023-05-23-dsc09899-enhanced-nr', 0, 'gulfstream-g550-caew', 'sg-111-squadron', 1);
INSERT INTO "photo_subjects" ("photo_id", "position", "aircraft_id", "unit_id", "is_primary") VALUES ('2023-05-23-dsc09907-enhanced-nr', 0, 'gulfstream-g550-caew', 'sg-111-squadron', 1);
INSERT INTO "photo_subjects" ("photo_id", "position", "aircraft_id", "unit_id", "is_primary") VALUES ('2023-05-23-dsc09955-enhanced-nr', 0, 'gulfstream-g550-caew', 'sg-111-squadron', 1);
INSERT INTO "photo_subjects" ("photo_id", "position", "aircraft_id", "unit_id", "is_primary") VALUES ('2023-05-23-dsc09958-enhanced-nr', 0, 'gulfstream-g550-caew', 'sg-111-squadron', 1);
INSERT INTO "photo_subjects" ("photo_id", "position", "aircraft_id", "unit_id", "is_primary") VALUES ('2023-05-24-dsc00509-enhanced-nr', 0, 'boeing-f-15sg-strike-eagle', 'sg-149-squadron', 1);
INSERT INTO "photo_subjects" ("photo_id", "position", "aircraft_id", "unit_id", "is_primary") VALUES ('2023-05-24-dsc00666-enhanced-nr', 0, 'boeing-f-15sg-strike-eagle', 'sg-149-squadron', 1);
INSERT INTO "photo_subjects" ("photo_id", "position", "aircraft_id", "unit_id", "is_primary") VALUES ('2023-05-24-dsc00715-enhanced-nr', 0, 'boeing-f-15sg-strike-eagle', 'sg-149-squadron', 1);
INSERT INTO "photo_subjects" ("photo_id", "position", "aircraft_id", "unit_id", "is_primary") VALUES ('2023-05-24-dsc00741-enhanced-nr', 0, 'boeing-f-15sg-strike-eagle', 'sg-142-squadron', 1);
INSERT INTO "photo_subjects" ("photo_id", "position", "aircraft_id", "unit_id", "is_primary") VALUES ('2023-06-04-e4b-1', 0, 'boeing-e-4b-nightwatch', 'us-1st-airborne-command-control-squadron', 1);
INSERT INTO "photo_subjects" ("photo_id", "position", "aircraft_id", "unit_id", "is_primary") VALUES ('2023-06-17-dsc05376-enhanced-nr', 0, 'boeing-f-15sg-strike-eagle', 'sg-149-squadron', 1);
INSERT INTO "photo_subjects" ("photo_id", "position", "aircraft_id", "unit_id", "is_primary") VALUES ('2023-06-26-rafale-b-1', 0, 'dassault-rafale-b', 'fr-escadron-de-chasse-1-4', 1);
INSERT INTO "photo_subjects" ("photo_id", "position", "aircraft_id", "unit_id", "is_primary") VALUES ('2023-06-26-rafale-c-1', 0, 'dassault-rafale-c', 'fr-escadron-de-chasse-3-30-lorraine', 1);
INSERT INTO "photo_subjects" ("photo_id", "position", "aircraft_id", "unit_id", "is_primary") VALUES ('2023-06-27-dsc08334-enhanced-nr', 0, 'fokker-50-uta', 'sg-121-squadron', 1);
INSERT INTO "photo_subjects" ("photo_id", "position", "aircraft_id", "unit_id", "is_primary") VALUES ('2023-06-27-dsc08515-enhanced-nr', 0, 'boeing-f-15sg-strike-eagle', 'sg-149-squadron', 1);
INSERT INTO "photo_subjects" ("photo_id", "position", "aircraft_id", "unit_id", "is_primary") VALUES ('2023-06-27-french-mrtt-1', 0, 'airbus-a330-mrtt', 'fr-ervts-2-31-esterel', 1);
INSERT INTO "photo_subjects" ("photo_id", "position", "aircraft_id", "unit_id", "is_primary") VALUES ('2023-06-27-french-mrtt-2', 0, 'airbus-a330-mrtt', 'fr-ervts-2-31-esterel', 1);
INSERT INTO "photo_subjects" ("photo_id", "position", "aircraft_id", "unit_id", "is_primary") VALUES ('2023-06-27-raaf-c17', 0, 'boeing-c-17-globemaster-iii', 'au-36-squadron', 1);
INSERT INTO "photo_subjects" ("photo_id", "position", "aircraft_id", "unit_id", "is_primary") VALUES ('2023-06-27-rafale-b-2', 0, 'dassault-rafale-b', 'fr-escadron-de-chasse-1-4', 1);
INSERT INTO "photo_subjects" ("photo_id", "position", "aircraft_id", "unit_id", "is_primary") VALUES ('2023-06-30-wsss-clipper-1', 0, 'boeing-c-40a-clipper', 'us-vr-57', 1);
INSERT INTO "photo_subjects" ("photo_id", "position", "aircraft_id", "unit_id", "is_primary") VALUES ('2023-07-08-dsc03366-enhanced-nr', 0, 'boeing-f-15sg-strike-eagle', 'sg-149-squadron', 1);
INSERT INTO "photo_subjects" ("photo_id", "position", "aircraft_id", "unit_id", "is_primary") VALUES ('2023-07-08-dsc03587-enhanced-nr', 0, 'boeing-f-15sg-strike-eagle', 'sg-149-squadron', 1);
INSERT INTO "photo_subjects" ("photo_id", "position", "aircraft_id", "unit_id", "is_primary") VALUES ('2023-07-08-dsc03750-enhanced-nr', 0, 'boeing-f-15sg-strike-eagle', 'sg-149-squadron', 1);
INSERT INTO "photo_subjects" ("photo_id", "position", "aircraft_id", "unit_id", "is_primary") VALUES ('2023-07-11-dsc04367-enhanced-nr', 0, 'boeing-f-15sg-strike-eagle', 'sg-149-squadron', 1);
INSERT INTO "photo_subjects" ("photo_id", "position", "aircraft_id", "unit_id", "is_primary") VALUES ('2023-07-11-dsc04372-enhanced-nr', 0, 'boeing-f-15sg-strike-eagle', 'sg-149-squadron', 1);
INSERT INTO "photo_subjects" ("photo_id", "position", "aircraft_id", "unit_id", "is_primary") VALUES ('2023-07-11-dsc04412-enhanced-nr', 0, 'boeing-f-15sg-strike-eagle', 'sg-149-squadron', 1);
INSERT INTO "photo_subjects" ("photo_id", "position", "aircraft_id", "unit_id", "is_primary") VALUES ('2023-07-15-dsc06993-enhanced-nr', 0, 'boeing-f-15sg-strike-eagle', 'sg-149-squadron', 1);
INSERT INTO "photo_subjects" ("photo_id", "position", "aircraft_id", "unit_id", "is_primary") VALUES ('2023-07-17-dsc07164-enhanced-nr', 0, 'airbus-a330-mrtt', 'sg-112-squadron', 1);
INSERT INTO "photo_subjects" ("photo_id", "position", "aircraft_id", "unit_id", "is_primary") VALUES ('2023-07-17-dsc07416-enhanced-nr', 0, 'fokker-50-mpa', 'sg-121-squadron', 1);
INSERT INTO "photo_subjects" ("photo_id", "position", "aircraft_id", "unit_id", "is_primary") VALUES ('2023-07-17-dsc07420-enhanced-nr', 0, 'fokker-50-mpa', 'sg-121-squadron', 1);
INSERT INTO "photo_subjects" ("photo_id", "position", "aircraft_id", "unit_id", "is_primary") VALUES ('2023-07-17-dsc07440-enhanced-nr', 0, 'airbus-a330-mrtt', 'sg-112-squadron', 1);
INSERT INTO "photo_subjects" ("photo_id", "position", "aircraft_id", "unit_id", "is_primary") VALUES ('2023-07-17-dsc07450-enhanced-nr', 0, 'airbus-a330-mrtt', 'sg-112-squadron', 1);
INSERT INTO "photo_subjects" ("photo_id", "position", "aircraft_id", "unit_id", "is_primary") VALUES ('2023-07-17-dsc07490-enhanced-nr', 0, 'fokker-50-mpa', 'sg-121-squadron', 1);
INSERT INTO "photo_subjects" ("photo_id", "position", "aircraft_id", "unit_id", "is_primary") VALUES ('2023-07-17-dsc07526-enhanced-nr', 0, 'fokker-50-mpa', 'sg-121-squadron', 1);
INSERT INTO "photo_subjects" ("photo_id", "position", "aircraft_id", "unit_id", "is_primary") VALUES ('2023-07-29-dsc08780-enhanced-nr', 0, 'boeing-f-15sg-strike-eagle', 'sg-149-squadron', 1);
INSERT INTO "photo_subjects" ("photo_id", "position", "aircraft_id", "unit_id", "is_primary") VALUES ('2023-07-29-dsc09127-enhanced-nr', 0, 'boeing-f-15sg-strike-eagle', 'sg-149-squadron', 1);
INSERT INTO "photo_subjects" ("photo_id", "position", "aircraft_id", "unit_id", "is_primary") VALUES ('2023-08-04-dsc00555-enhanced-nr', 0, 'boeing-f-15sg-strike-eagle', 'sg-149-squadron', 1);
INSERT INTO "photo_subjects" ("photo_id", "position", "aircraft_id", "unit_id", "is_primary") VALUES ('2023-08-04-dsc00691-enhanced-nr', 0, 'airbus-a330-mrtt', 'sg-112-squadron', 1);
INSERT INTO "photo_subjects" ("photo_id", "position", "aircraft_id", "unit_id", "is_primary") VALUES ('2023-08-04-dsc01707-enhanced-nr', 0, 'boeing-f-15sg-strike-eagle', 'sg-149-squadron', 1);
INSERT INTO "photo_subjects" ("photo_id", "position", "aircraft_id", "unit_id", "is_primary") VALUES ('2023-08-04-dsc01734-enhanced-nr', 0, 'boeing-f-15sg-strike-eagle', 'sg-149-squadron', 1);
INSERT INTO "photo_subjects" ("photo_id", "position", "aircraft_id", "unit_id", "is_primary") VALUES ('2023-08-04-dsc01749-enhanced-nr', 0, 'boeing-f-15sg-strike-eagle', 'sg-149-squadron', 1);
INSERT INTO "photo_subjects" ("photo_id", "position", "aircraft_id", "unit_id", "is_primary") VALUES ('2023-08-04-italy-c130', 0, 'lockheed-kc-130j-hercules', 'it-46-brigata-aerea', 1);
INSERT INTO "photo_subjects" ("photo_id", "position", "aircraft_id", "unit_id", "is_primary") VALUES ('2023-08-04-italy-f35-5', 0, 'lockheed-martin-f-35a-lightning-ii', 'it-32-stormo', 1);
INSERT INTO "photo_subjects" ("photo_id", "position", "aircraft_id", "unit_id", "is_primary") VALUES ('2023-08-04-italy-f35-6', 0, 'lockheed-martin-f-35a-lightning-ii', 'it-6-stormo', 1);
INSERT INTO "photo_subjects" ("photo_id", "position", "aircraft_id", "unit_id", "is_primary") VALUES ('2023-08-04-italy-g550', 0, 'gulfstream-g550-caew', 'it-14-stormo', 1);
INSERT INTO "photo_subjects" ("photo_id", "position", "aircraft_id", "unit_id", "is_primary") VALUES ('2023-08-04-italy-kc767-1', 0, 'boeing-kc-767', 'it-8-gruppo', 1);
INSERT INTO "photo_subjects" ("photo_id", "position", "aircraft_id", "unit_id", "is_primary") VALUES ('2023-08-04-italy-kc767-2', 0, 'boeing-kc-767', 'it-8-gruppo', 1);
INSERT INTO "photo_subjects" ("photo_id", "position", "aircraft_id", "unit_id", "is_primary") VALUES ('2023-08-04-italy-kc767-3', 0, 'boeing-kc-767', 'it-8-gruppo', 1);
INSERT INTO "photo_subjects" ("photo_id", "position", "aircraft_id", "unit_id", "is_primary") VALUES ('2023-08-04-rsaf-mrtt-760-1', 0, 'airbus-a330-mrtt', 'sg-112-squadron', 1);
INSERT INTO "photo_subjects" ("photo_id", "position", "aircraft_id", "unit_id", "is_primary") VALUES ('2023-08-09-dsc02930-enhanced-nr', 0, 'boeing-f-15sg-strike-eagle', 'sg-149-squadron', 1);
INSERT INTO "photo_subjects" ("photo_id", "position", "aircraft_id", "unit_id", "is_primary") VALUES ('2023-08-09-dsc03232-enhanced-nr', 0, 'boeing-f-15sg-strike-eagle', 'sg-149-squadron', 1);
INSERT INTO "photo_subjects" ("photo_id", "position", "aircraft_id", "unit_id", "is_primary") VALUES ('2023-08-09-dsc03255-enhanced-nr', 0, 'boeing-f-15sg-strike-eagle', 'sg-149-squadron', 1);
INSERT INTO "photo_subjects" ("photo_id", "position", "aircraft_id", "unit_id", "is_primary") VALUES ('2023-08-09-dsc03264-enhanced-nr', 0, 'boeing-f-15sg-strike-eagle', 'sg-149-squadron', 1);
INSERT INTO "photo_subjects" ("photo_id", "position", "aircraft_id", "unit_id", "is_primary") VALUES ('2023-08-09-dsc03275-enhanced-nr', 0, 'boeing-f-15sg-strike-eagle', 'sg-149-squadron', 1);
INSERT INTO "photo_subjects" ("photo_id", "position", "aircraft_id", "unit_id", "is_primary") VALUES ('2023-08-10-italy-f35-1', 0, 'lockheed-martin-f-35a-lightning-ii', 'it-6-stormo', 1);
INSERT INTO "photo_subjects" ("photo_id", "position", "aircraft_id", "unit_id", "is_primary") VALUES ('2023-08-10-italy-f35-2', 0, 'lockheed-martin-f-35a-lightning-ii', 'it-32-stormo', 1);
INSERT INTO "photo_subjects" ("photo_id", "position", "aircraft_id", "unit_id", "is_primary") VALUES ('2023-08-10-italy-f35-3', 0, 'lockheed-martin-f-35a-lightning-ii', 'it-32-stormo', 1);
INSERT INTO "photo_subjects" ("photo_id", "position", "aircraft_id", "unit_id", "is_primary") VALUES ('2023-08-10-italy-f35-4', 0, 'lockheed-martin-f-35a-lightning-ii', 'it-32-stormo', 1);
INSERT INTO "photo_subjects" ("photo_id", "position", "aircraft_id", "unit_id", "is_primary") VALUES ('2023-08-18-dsc04298-enhanced-nr', 0, 'boeing-f-15sg-strike-eagle', 'sg-149-squadron', 1);
INSERT INTO "photo_subjects" ("photo_id", "position", "aircraft_id", "unit_id", "is_primary") VALUES ('2023-08-18-dsc04326-enhanced-nr', 0, 'boeing-f-15sg-strike-eagle', 'sg-149-squadron', 1);
INSERT INTO "photo_subjects" ("photo_id", "position", "aircraft_id", "unit_id", "is_primary") VALUES ('2023-08-18-dsc04385-enhanced-nr', 0, 'boeing-f-15sg-strike-eagle', 'sg-149-squadron', 1);
INSERT INTO "photo_subjects" ("photo_id", "position", "aircraft_id", "unit_id", "is_primary") VALUES ('2023-08-18-dsc04437-enhanced-nr', 0, 'boeing-f-15sg-strike-eagle', 'sg-149-squadron', 1);
INSERT INTO "photo_subjects" ("photo_id", "position", "aircraft_id", "unit_id", "is_primary") VALUES ('2023-08-18-dsc04494-enhanced-nr', 0, 'boeing-f-15sg-strike-eagle', 'sg-149-squadron', 1);
INSERT INTO "photo_subjects" ("photo_id", "position", "aircraft_id", "unit_id", "is_primary") VALUES ('2023-08-18-dsc04548-enhanced-nr', 0, 'boeing-f-15sg-strike-eagle', 'sg-149-squadron', 1);
INSERT INTO "photo_subjects" ("photo_id", "position", "aircraft_id", "unit_id", "is_primary") VALUES ('2023-08-18-dsc04597-enhanced-nr', 0, 'boeing-f-15sg-strike-eagle', 'sg-149-squadron', 1);
INSERT INTO "photo_subjects" ("photo_id", "position", "aircraft_id", "unit_id", "is_primary") VALUES ('2023-08-25-dsc04727-enhanced-nr', 0, 'boeing-f-15sg-strike-eagle', 'sg-149-squadron', 1);
INSERT INTO "photo_subjects" ("photo_id", "position", "aircraft_id", "unit_id", "is_primary") VALUES ('2023-08-25-dsc04760-enhanced-nr', 0, 'boeing-f-15sg-strike-eagle', 'sg-149-squadron', 1);
INSERT INTO "photo_subjects" ("photo_id", "position", "aircraft_id", "unit_id", "is_primary") VALUES ('2023-08-25-dsc04980-enhanced-nr', 0, 'boeing-f-15sg-strike-eagle', 'sg-142-squadron', 1);
INSERT INTO "photo_subjects" ("photo_id", "position", "aircraft_id", "unit_id", "is_primary") VALUES ('2023-08-25-dsc05095-enhanced-nr', 0, 'boeing-f-15sg-strike-eagle', 'sg-142-squadron', 1);
INSERT INTO "photo_subjects" ("photo_id", "position", "aircraft_id", "unit_id", "is_primary") VALUES ('2023-08-29-dsc05179-enhanced-nr', 0, 'airbus-a330-mrtt', 'sg-112-squadron', 1);
INSERT INTO "photo_subjects" ("photo_id", "position", "aircraft_id", "unit_id", "is_primary") VALUES ('2023-08-29-dsc05189-enhanced-nr', 0, 'airbus-a330-mrtt', 'sg-112-squadron', 1);
INSERT INTO "photo_subjects" ("photo_id", "position", "aircraft_id", "unit_id", "is_primary") VALUES ('2023-08-29-dsc05206-enhanced-nr', 0, 'airbus-a330-mrtt', 'sg-112-squadron', 1);
INSERT INTO "photo_subjects" ("photo_id", "position", "aircraft_id", "unit_id", "is_primary") VALUES ('2023-08-29-dsc05271-enhanced-nr', 0, 'boeing-f-15sg-strike-eagle', 'sg-149-squadron', 1);
INSERT INTO "photo_subjects" ("photo_id", "position", "aircraft_id", "unit_id", "is_primary") VALUES ('2023-08-29-dsc05386-enhanced-nr', 0, 'boeing-f-15sg-strike-eagle', 'sg-149-squadron', 1);
INSERT INTO "photo_subjects" ("photo_id", "position", "aircraft_id", "unit_id", "is_primary") VALUES ('2023-08-29-dsc05391-enhanced-nr', 0, 'boeing-f-15sg-strike-eagle', 'sg-149-squadron', 1);
INSERT INTO "photo_subjects" ("photo_id", "position", "aircraft_id", "unit_id", "is_primary") VALUES ('2023-09-09-jmsdf-c130-1', 0, 'lockheed-c-130r', 'jp-air-transport-squadron-61', 1);
INSERT INTO "photo_subjects" ("photo_id", "position", "aircraft_id", "unit_id", "is_primary") VALUES ('2023-09-09-jmsdf-c130-2', 0, 'lockheed-c-130r', 'jp-air-transport-squadron-61', 1);
INSERT INTO "photo_subjects" ("photo_id", "position", "aircraft_id", "unit_id", "is_primary") VALUES ('2023-09-09-p1-1', 0, 'kawasaki-p-1', 'jp-air-patrol-squadron-3', 1);
INSERT INTO "photo_subjects" ("photo_id", "position", "aircraft_id", "unit_id", "is_primary") VALUES ('2023-09-09-p1-2', 0, 'kawasaki-p-1', 'jp-air-patrol-squadron-3', 1);
INSERT INTO "photo_subjects" ("photo_id", "position", "aircraft_id", "unit_id", "is_primary") VALUES ('2023-09-09-p1-3', 0, 'kawasaki-p-1', 'jp-air-patrol-squadron-3', 1);
INSERT INTO "photo_subjects" ("photo_id", "position", "aircraft_id", "unit_id", "is_primary") VALUES ('2023-09-09-up3c-1', 0, 'kawasaki-up-3c-orion', 'jp-vx-51', 1);
INSERT INTO "photo_subjects" ("photo_id", "position", "aircraft_id", "unit_id", "is_primary") VALUES ('2023-09-09-up3c-2', 0, 'kawasaki-up-3c-orion', 'jp-vx-51', 1);
INSERT INTO "photo_subjects" ("photo_id", "position", "aircraft_id", "unit_id", "is_primary") VALUES ('2023-09-09-up3c-3', 0, 'kawasaki-up-3c-orion', 'jp-vx-51', 1);
INSERT INTO "photo_subjects" ("photo_id", "position", "aircraft_id", "unit_id", "is_primary") VALUES ('2023-09-11-cygnus-1', 0, 'boeing-777-300er', 'jp-701st-squadron-special-airlift-group', 1);
INSERT INTO "photo_subjects" ("photo_id", "position", "aircraft_id", "unit_id", "is_primary") VALUES ('2023-09-11-cygnus-2', 0, 'boeing-777-300er', 'jp-701st-squadron-special-airlift-group', 1);
INSERT INTO "photo_subjects" ("photo_id", "position", "aircraft_id", "unit_id", "is_primary") VALUES ('2023-09-16-dsc08592-enhanced-nr', 0, 'dornier-228', 'jp-new-central-air-service', 1);
INSERT INTO "photo_subjects" ("photo_id", "position", "aircraft_id", "unit_id", "is_primary") VALUES ('2023-09-16-dsc08683-enhanced-nr', 0, 'dornier-228', 'jp-new-central-air-service', 1);
INSERT INTO "photo_subjects" ("photo_id", "position", "aircraft_id", "unit_id", "is_primary") VALUES ('2023-09-18-usaf-c130-1', 0, 'lockheed-c-130j-super-hercules', 'us-36th-airlift-squadron', 1);
INSERT INTO "photo_subjects" ("photo_id", "position", "aircraft_id", "unit_id", "is_primary") VALUES ('2023-09-18-usaf-c130-2', 0, 'lockheed-c-130j-super-hercules', 'us-36th-airlift-squadron', 1);
INSERT INTO "photo_subjects" ("photo_id", "position", "aircraft_id", "unit_id", "is_primary") VALUES ('2023-09-18-usaf-c130-3', 0, 'lockheed-c-130j-super-hercules', 'us-36th-airlift-squadron', 1);
INSERT INTO "photo_subjects" ("photo_id", "position", "aircraft_id", "unit_id", "is_primary") VALUES ('2023-09-18-usaf-huey-1', 0, 'bell-uh-1-iroquois', 'us-459th-airlift-squadron', 1);
INSERT INTO "photo_subjects" ("photo_id", "position", "aircraft_id", "unit_id", "is_primary") VALUES ('2023-09-18-usaf-huey-2', 0, 'bell-uh-1-iroquois', 'us-459th-airlift-squadron', 1);
INSERT INTO "photo_subjects" ("photo_id", "position", "aircraft_id", "unit_id", "is_primary") VALUES ('2023-09-18-usaf-huey-3', 0, 'bell-uh-1-iroquois', 'us-459th-airlift-squadron', 1);
INSERT INTO "photo_subjects" ("photo_id", "position", "aircraft_id", "unit_id", "is_primary") VALUES ('2023-09-23-dsc01587-enhanced-nr', 0, 'kawasaki-up-3c-orion', 'jp-vx-51', 1);
INSERT INTO "photo_subjects" ("photo_id", "position", "aircraft_id", "unit_id", "is_primary") VALUES ('2023-09-23-dsc01594-enhanced-nr', 0, 'kawasaki-up-3c-orion', 'jp-vx-51', 1);
INSERT INTO "photo_subjects" ("photo_id", "position", "aircraft_id", "unit_id", "is_primary") VALUES ('2023-09-23-dsc01693-enhanced-nr', 0, 'kawasaki-up-3c-orion', 'jp-vx-51', 1);
INSERT INTO "photo_subjects" ("photo_id", "position", "aircraft_id", "unit_id", "is_primary") VALUES ('2023-09-23-dsc01780-enhanced-nr', 0, 'kawasaki-up-3c-orion', 'jp-vx-51', 1);
INSERT INTO "photo_subjects" ("photo_id", "position", "aircraft_id", "unit_id", "is_primary") VALUES ('2023-09-23-dsc01816-enhanced-nr', 0, 'kawasaki-up-3c-orion', 'jp-vx-51', 1);
INSERT INTO "photo_subjects" ("photo_id", "position", "aircraft_id", "unit_id", "is_primary") VALUES ('2023-09-23-dsc01899-enhanced-nr', 0, 'kawasaki-up-3c-orion', 'jp-vx-51', 1);
INSERT INTO "photo_subjects" ("photo_id", "position", "aircraft_id", "unit_id", "is_primary") VALUES ('2023-09-23-dsc01988-enhanced-nr', 0, 'kawasaki-up-3c-orion', 'jp-vx-51', 1);
INSERT INTO "photo_subjects" ("photo_id", "position", "aircraft_id", "unit_id", "is_primary") VALUES ('2023-09-23-dsc02017-enhanced-nr', 0, 'kawasaki-up-3c-orion', 'jp-vx-51', 1);
INSERT INTO "photo_subjects" ("photo_id", "position", "aircraft_id", "unit_id", "is_primary") VALUES ('2023-09-23-dsc02057-enhanced-nr', 0, 'kawasaki-up-3c-orion', 'jp-vx-51', 1);
INSERT INTO "photo_subjects" ("photo_id", "position", "aircraft_id", "unit_id", "is_primary") VALUES ('2023-09-23-dsc02424-enhanced-nr', 0, 'cessna-uc-35-citation', 'us-usmc-operational-support-airlift', 1);
INSERT INTO "photo_subjects" ("photo_id", "position", "aircraft_id", "unit_id", "is_primary") VALUES ('2023-09-23-dsc02445-enhanced-nr', 0, 'cessna-uc-35-citation', 'us-usmc-operational-support-airlift', 1);
INSERT INTO "photo_subjects" ("photo_id", "position", "aircraft_id", "unit_id", "is_primary") VALUES ('2023-09-23-up3c-4', 0, 'kawasaki-up-3c-orion', 'jp-vx-51', 1);
INSERT INTO "photo_subjects" ("photo_id", "position", "aircraft_id", "unit_id", "is_primary") VALUES ('2023-09-23-usn-clipper-1', 0, 'boeing-c-40a-clipper', 'us-vr-51', 1);
INSERT INTO "photo_subjects" ("photo_id", "position", "aircraft_id", "unit_id", "is_primary") VALUES ('2023-09-23-usn-clipper-2', 0, 'boeing-c-40a-clipper', 'us-vr-51', 1);
INSERT INTO "photo_subjects" ("photo_id", "position", "aircraft_id", "unit_id", "is_primary") VALUES ('2023-09-23-usn-seahawk-1', 0, 'sikorsky-mh-60r-seahawk', 'us-hsm-51', 1);
INSERT INTO "photo_subjects" ("photo_id", "position", "aircraft_id", "unit_id", "is_primary") VALUES ('2023-09-23-usn-seahawk-2', 0, 'sikorsky-mh-60r-seahawk', 'us-hsm-51', 1);
INSERT INTO "photo_subjects" ("photo_id", "position", "aircraft_id", "unit_id", "is_primary") VALUES ('2023-10-01-dsc03837-enhanced-nr', 0, 'boeing-727', 'bm-malibu-consulting-corp', 1);
INSERT INTO "photo_subjects" ("photo_id", "position", "aircraft_id", "unit_id", "is_primary") VALUES ('2023-10-01-dsc03885-enhanced-nr', 0, 'boeing-727', 'bm-malibu-consulting-corp', 1);
INSERT INTO "photo_subjects" ("photo_id", "position", "aircraft_id", "unit_id", "is_primary") VALUES ('2023-10-01-dsc07893-enhanced-nr', 0, 'learjet-u-36a', 'jp-81st-air-group', 1);
INSERT INTO "photo_subjects" ("photo_id", "position", "aircraft_id", "unit_id", "is_primary") VALUES ('2023-10-01-dsc08267-enhanced-nr', 0, 'learjet-u-36a', 'jp-81st-air-group', 1);
INSERT INTO "photo_subjects" ("photo_id", "position", "aircraft_id", "unit_id", "is_primary") VALUES ('2023-10-01-dsc08272-enhanced-nr', 0, 'learjet-u-36a', 'jp-81st-air-group', 1);
INSERT INTO "photo_subjects" ("photo_id", "position", "aircraft_id", "unit_id", "is_primary") VALUES ('2023-10-01-dsc08902-enhanced-nr', 0, 'mitsubishi-uh-60j', 'jp-air-rescue-wing', 1);
INSERT INTO "photo_subjects" ("photo_id", "position", "aircraft_id", "unit_id", "is_primary") VALUES ('2023-10-01-dsc09035-enhanced-nr', 0, 'mitsubishi-uh-60j', 'jp-air-rescue-wing', 1);
INSERT INTO "photo_subjects" ("photo_id", "position", "aircraft_id", "unit_id", "is_primary") VALUES ('2023-10-06-dsc00151-enhanced-nr', 0, 'mitsubishi-f-15dj-eagle', 'jp-tactical-fighter-training-group', 1);
INSERT INTO "photo_subjects" ("photo_id", "position", "aircraft_id", "unit_id", "is_primary") VALUES ('2023-10-06-dsc00543-enhanced-nr', 0, 'mitsubishi-f-15dj-eagle', 'jp-tactical-fighter-training-group', 1);
INSERT INTO "photo_subjects" ("photo_id", "position", "aircraft_id", "unit_id", "is_primary") VALUES ('2023-10-06-dsc00584-enhanced-nr', 0, 'mitsubishi-f-15dj-eagle', 'jp-tactical-fighter-training-group', 1);
INSERT INTO "photo_subjects" ("photo_id", "position", "aircraft_id", "unit_id", "is_primary") VALUES ('2023-10-06-dsc00619-enhanced-nr', 0, 'mitsubishi-f-15dj-eagle', 'jp-tactical-fighter-training-group', 1);
INSERT INTO "photo_subjects" ("photo_id", "position", "aircraft_id", "unit_id", "is_primary") VALUES ('2023-10-06-dsc00945-enhanced-nr', 0, 'mitsubishi-f-15j-eagle', 'jp-306th-tactical-fighter-squadron', 1);
INSERT INTO "photo_subjects" ("photo_id", "position", "aircraft_id", "unit_id", "is_primary") VALUES ('2023-10-06-dsc00968-enhanced-nr-1', 0, 'mitsubishi-f-15j-eagle', 'jp-306th-tactical-fighter-squadron', 1);
INSERT INTO "photo_subjects" ("photo_id", "position", "aircraft_id", "unit_id", "is_primary") VALUES ('2023-10-06-dsc01453-enhanced-nr', 0, 'mitsubishi-f-2a', 'jp-air-development-and-test-wing', 1);
INSERT INTO "photo_subjects" ("photo_id", "position", "aircraft_id", "unit_id", "is_primary") VALUES ('2023-10-06-dsc01454-enhanced-nr', 0, 'mitsubishi-f-2a', 'jp-air-development-and-test-wing', 1);
INSERT INTO "photo_subjects" ("photo_id", "position", "aircraft_id", "unit_id", "is_primary") VALUES ('2023-10-06-dsc01581-enhanced-nr', 0, 'mitsubishi-f-2a', 'jp-air-development-and-test-wing', 1);
INSERT INTO "photo_subjects" ("photo_id", "position", "aircraft_id", "unit_id", "is_primary") VALUES ('2023-10-06-dsc01604-enhanced-nr', 0, 'kawasaki-p-1', 'jp-air-patrol-squadron-3', 1);
INSERT INTO "photo_subjects" ("photo_id", "position", "aircraft_id", "unit_id", "is_primary") VALUES ('2023-10-06-dsc01681-enhanced-nr', 0, 'kawasaki-c-2', 'jp-403rd-tactical-airlift-squadron', 1);
INSERT INTO "photo_subjects" ("photo_id", "position", "aircraft_id", "unit_id", "is_primary") VALUES ('2023-10-06-dsc01693-enhanced-nr-1', 0, 'kawasaki-c-2', 'jp-403rd-tactical-airlift-squadron', 1);
INSERT INTO "photo_subjects" ("photo_id", "position", "aircraft_id", "unit_id", "is_primary") VALUES ('2023-10-06-dsc01758-enhanced-nr', 0, 'shinmaywa-us-2', 'jp-air-rescue-squadron-71-ars-71', 1);
INSERT INTO "photo_subjects" ("photo_id", "position", "aircraft_id", "unit_id", "is_primary") VALUES ('2023-10-06-dsc01818-enhanced-nr', 0, 'shinmaywa-us-2', 'jp-air-rescue-squadron-71-ars-71', 1);
INSERT INTO "photo_subjects" ("photo_id", "position", "aircraft_id", "unit_id", "is_primary") VALUES ('2023-10-06-dsc09323-enhanced-nr', 0, 'mitsubishi-f-15dj-eagle', 'jp-tactical-fighter-training-group', 1);
INSERT INTO "photo_subjects" ("photo_id", "position", "aircraft_id", "unit_id", "is_primary") VALUES ('2023-10-06-dsc09653-enhanced-nr', 0, 'mitsubishi-f-15dj-eagle', 'jp-tactical-fighter-training-group', 1);
INSERT INTO "photo_subjects" ("photo_id", "position", "aircraft_id", "unit_id", "is_primary") VALUES ('2023-10-06-dsc09714-enhanced-nr', 0, 'mitsubishi-f-15dj-eagle', 'jp-tactical-fighter-training-group', 1);
INSERT INTO "photo_subjects" ("photo_id", "position", "aircraft_id", "unit_id", "is_primary") VALUES ('2023-10-06-dsc09828-enhanced-nr', 0, 'hawker-u-125a', 'jp-air-rescue-wing', 1);
INSERT INTO "photo_subjects" ("photo_id", "position", "aircraft_id", "unit_id", "is_primary") VALUES ('2023-10-06-dsc09830-enhanced-nr', 0, 'hawker-u-125a', 'jp-air-rescue-wing', 1);
INSERT INTO "photo_subjects" ("photo_id", "position", "aircraft_id", "unit_id", "is_primary") VALUES ('2023-10-07-dsc01871-enhanced-nr', 0, 'mitsubishi-f-15j-eagle', 'jp-303rd-tactical-fighter-squadron', 1);
INSERT INTO "photo_subjects" ("photo_id", "position", "aircraft_id", "unit_id", "is_primary") VALUES ('2023-10-07-dsc01985-enhanced-nr', 0, 'mitsubishi-f-15j-eagle', 'jp-303rd-tactical-fighter-squadron', 1);
INSERT INTO "photo_subjects" ("photo_id", "position", "aircraft_id", "unit_id", "is_primary") VALUES ('2023-10-07-dsc01992-enhanced-nr', 0, 'mitsubishi-f-15j-eagle', 'jp-303rd-tactical-fighter-squadron', 1);
INSERT INTO "photo_subjects" ("photo_id", "position", "aircraft_id", "unit_id", "is_primary") VALUES ('2023-10-07-dsc02121-enhanced-nr', 0, 'mitsubishi-f-15j-eagle', 'jp-303rd-tactical-fighter-squadron', 1);
INSERT INTO "photo_subjects" ("photo_id", "position", "aircraft_id", "unit_id", "is_primary") VALUES ('2023-10-07-dsc02141-enhanced-nr', 0, 'mitsubishi-f-15j-eagle', 'jp-306th-tactical-fighter-squadron', 1);
INSERT INTO "photo_subjects" ("photo_id", "position", "aircraft_id", "unit_id", "is_primary") VALUES ('2023-10-07-dsc02153-enhanced-nr', 0, 'mitsubishi-f-15j-eagle', 'jp-306th-tactical-fighter-squadron', 1);
INSERT INTO "photo_subjects" ("photo_id", "position", "aircraft_id", "unit_id", "is_primary") VALUES ('2023-10-07-dsc02171-enhanced-nr', 0, 'mitsubishi-f-15j-eagle', 'jp-306th-tactical-fighter-squadron', 1);
INSERT INTO "photo_subjects" ("photo_id", "position", "aircraft_id", "unit_id", "is_primary") VALUES ('2023-10-07-dsc02176-enhanced-nr', 0, 'mitsubishi-f-15dj-eagle', 'jp-tactical-fighter-training-group', 1);
INSERT INTO "photo_subjects" ("photo_id", "position", "aircraft_id", "unit_id", "is_primary") VALUES ('2023-10-07-dsc02194-enhanced-nr', 0, 'mitsubishi-f-15dj-eagle', 'jp-tactical-fighter-training-group', 1);
INSERT INTO "photo_subjects" ("photo_id", "position", "aircraft_id", "unit_id", "is_primary") VALUES ('2023-10-07-dsc02213-enhanced-nr', 0, 'mitsubishi-f-15dj-eagle', 'jp-tactical-fighter-training-group', 1);
INSERT INTO "photo_subjects" ("photo_id", "position", "aircraft_id", "unit_id", "is_primary") VALUES ('2023-10-07-dsc02254-enhanced-nr', 0, 'mitsubishi-f-15dj-eagle', 'jp-tactical-fighter-training-group', 1);
INSERT INTO "photo_subjects" ("photo_id", "position", "aircraft_id", "unit_id", "is_primary") VALUES ('2023-10-07-dsc02272-enhanced-nr', 0, 'mitsubishi-f-15dj-eagle', 'jp-tactical-fighter-training-group', 1);
INSERT INTO "photo_subjects" ("photo_id", "position", "aircraft_id", "unit_id", "is_primary") VALUES ('2023-10-07-dsc02324-enhanced-nr', 0, 'mitsubishi-f-15j-eagle', 'jp-303rd-tactical-fighter-squadron', 1);
INSERT INTO "photo_subjects" ("photo_id", "position", "aircraft_id", "unit_id", "is_primary") VALUES ('2023-10-07-dsc02379-enhanced-nr', 0, 'mitsubishi-f-15j-eagle', 'jp-306th-tactical-fighter-squadron', 1);
INSERT INTO "photo_subjects" ("photo_id", "position", "aircraft_id", "unit_id", "is_primary") VALUES ('2023-10-07-dsc02421-enhanced-nr', 0, 'mitsubishi-f-15dj-eagle', 'jp-tactical-fighter-training-group', 1);
INSERT INTO "photo_subjects" ("photo_id", "position", "aircraft_id", "unit_id", "is_primary") VALUES ('2023-10-07-dsc02504-enhanced-nr', 0, 'mitsubishi-f-15j-eagle', 'jp-303rd-tactical-fighter-squadron', 1);
INSERT INTO "photo_subjects" ("photo_id", "position", "aircraft_id", "unit_id", "is_primary") VALUES ('2023-10-07-dsc02568-enhanced-nr', 0, 'mitsubishi-f-15j-eagle', 'jp-306th-tactical-fighter-squadron', 1);
INSERT INTO "photo_subjects" ("photo_id", "position", "aircraft_id", "unit_id", "is_primary") VALUES ('2023-10-07-dsc02632-enhanced-nr', 0, 'mitsubishi-f-15dj-eagle', 'jp-tactical-fighter-training-group', 1);
INSERT INTO "photo_subjects" ("photo_id", "position", "aircraft_id", "unit_id", "is_primary") VALUES ('2023-10-07-dsc02799-enhanced-nr', 0, 'mitsubishi-f-15j-eagle', 'jp-303rd-tactical-fighter-squadron', 1);
INSERT INTO "photo_subjects" ("photo_id", "position", "aircraft_id", "unit_id", "is_primary") VALUES ('2023-10-07-dsc02821-enhanced-nr', 0, 'mitsubishi-f-15j-eagle', 'jp-303rd-tactical-fighter-squadron', 1);
INSERT INTO "photo_subjects" ("photo_id", "position", "aircraft_id", "unit_id", "is_primary") VALUES ('2023-10-07-dsc02855-enhanced-nr', 0, 'mitsubishi-f-15j-eagle', 'jp-303rd-tactical-fighter-squadron', 1);
INSERT INTO "photo_subjects" ("photo_id", "position", "aircraft_id", "unit_id", "is_primary") VALUES ('2023-10-07-dsc02895-enhanced-nr', 0, 'mitsubishi-f-15dj-eagle', 'jp-tactical-fighter-training-group', 1);
INSERT INTO "photo_subjects" ("photo_id", "position", "aircraft_id", "unit_id", "is_primary") VALUES ('2023-10-07-dsc02988-enhanced-nr', 0, 'hawker-u-125a', 'jp-air-rescue-wing', 1);
INSERT INTO "photo_subjects" ("photo_id", "position", "aircraft_id", "unit_id", "is_primary") VALUES ('2023-10-07-dsc02996-enhanced-nr', 0, 'hawker-u-125a', 'jp-air-rescue-wing', 1);
INSERT INTO "photo_subjects" ("photo_id", "position", "aircraft_id", "unit_id", "is_primary") VALUES ('2023-10-07-dsc03063-enhanced-nr', 0, 'mitsubishi-uh-60j', 'jp-air-rescue-wing', 1);
INSERT INTO "photo_subjects" ("photo_id", "position", "aircraft_id", "unit_id", "is_primary") VALUES ('2023-10-07-dsc03109-enhanced-nr', 0, 'mitsubishi-uh-60j', 'jp-air-rescue-wing', 1);
INSERT INTO "photo_subjects" ("photo_id", "position", "aircraft_id", "unit_id", "is_primary") VALUES ('2023-10-07-dsc03175-enhanced-nr', 0, 'mitsubishi-uh-60j', 'jp-air-rescue-wing', 1);
INSERT INTO "photo_subjects" ("photo_id", "position", "aircraft_id", "unit_id", "is_primary") VALUES ('2023-10-07-dsc03198-enhanced-nr', 0, 'mitsubishi-uh-60j', 'jp-air-rescue-wing', 1);
INSERT INTO "photo_subjects" ("photo_id", "position", "aircraft_id", "unit_id", "is_primary") VALUES ('2023-10-07-dsc03237-enhanced-nr', 0, 'mitsubishi-f-15dj-eagle', 'jp-tactical-fighter-training-group', 1);
INSERT INTO "photo_subjects" ("photo_id", "position", "aircraft_id", "unit_id", "is_primary") VALUES ('2023-10-07-dsc03247-enhanced-nr', 0, 'mitsubishi-f-15dj-eagle', 'jp-tactical-fighter-training-group', 1);
INSERT INTO "photo_subjects" ("photo_id", "position", "aircraft_id", "unit_id", "is_primary") VALUES ('2023-10-07-dsc03278-enhanced-nr', 0, 'mitsubishi-f-15dj-eagle', 'jp-tactical-fighter-training-group', 1);
INSERT INTO "photo_subjects" ("photo_id", "position", "aircraft_id", "unit_id", "is_primary") VALUES ('2023-10-07-dsc03330-enhanced-nr', 0, 'mitsubishi-f-15dj-eagle', 'jp-tactical-fighter-training-group', 1);
INSERT INTO "photo_subjects" ("photo_id", "position", "aircraft_id", "unit_id", "is_primary") VALUES ('2023-10-07-dsc03401-enhanced-nr', 0, 'mitsubishi-f-15dj-eagle', 'jp-tactical-fighter-training-group', 1);
INSERT INTO "photo_subjects" ("photo_id", "position", "aircraft_id", "unit_id", "is_primary") VALUES ('2023-10-07-dsc03472-enhanced-nr', 0, 'mitsubishi-f-15dj-eagle', 'jp-tactical-fighter-training-group', 1);
INSERT INTO "photo_subjects" ("photo_id", "position", "aircraft_id", "unit_id", "is_primary") VALUES ('2023-10-07-dsc03622-enhanced-nr', 0, 'mitsubishi-f-15dj-eagle', 'jp-tactical-fighter-training-group', 1);
INSERT INTO "photo_subjects" ("photo_id", "position", "aircraft_id", "unit_id", "is_primary") VALUES ('2023-10-07-dsc03648-enhanced-nr', 0, 'mitsubishi-f-15dj-eagle', 'jp-tactical-fighter-training-group', 1);
INSERT INTO "photo_subjects" ("photo_id", "position", "aircraft_id", "unit_id", "is_primary") VALUES ('2023-10-07-dsc03676-enhanced-nr', 0, 'mitsubishi-f-15dj-eagle', 'jp-tactical-fighter-training-group', 1);
INSERT INTO "photo_subjects" ("photo_id", "position", "aircraft_id", "unit_id", "is_primary") VALUES ('2023-10-07-dsc03729-enhanced-nr', 0, 'mitsubishi-f-15dj-eagle', 'jp-tactical-fighter-training-group', 1);
INSERT INTO "photo_subjects" ("photo_id", "position", "aircraft_id", "unit_id", "is_primary") VALUES ('2023-10-07-dsc03743-enhanced-nr', 0, 'mitsubishi-f-15dj-eagle', 'jp-tactical-fighter-training-group', 1);
INSERT INTO "photo_subjects" ("photo_id", "position", "aircraft_id", "unit_id", "is_primary") VALUES ('2023-10-07-dsc03751-enhanced-nr', 0, 'mitsubishi-f-15j-eagle', 'jp-303rd-tactical-fighter-squadron', 1);
INSERT INTO "photo_subjects" ("photo_id", "position", "aircraft_id", "unit_id", "is_primary") VALUES ('2023-10-07-dsc03757-enhanced-nr', 0, 'mitsubishi-f-15j-eagle', 'jp-303rd-tactical-fighter-squadron', 1);
INSERT INTO "photo_subjects" ("photo_id", "position", "aircraft_id", "unit_id", "is_primary") VALUES ('2023-10-07-dsc03783-enhanced-nr', 0, 'mitsubishi-f-15j-eagle', 'jp-303rd-tactical-fighter-squadron', 1);
INSERT INTO "photo_subjects" ("photo_id", "position", "aircraft_id", "unit_id", "is_primary") VALUES ('2023-10-07-dsc03869-enhanced-nr', 0, 'mitsubishi-f-15j-eagle', 'jp-303rd-tactical-fighter-squadron', 1);
INSERT INTO "photo_subjects" ("photo_id", "position", "aircraft_id", "unit_id", "is_primary") VALUES ('2023-10-07-dsc03888-enhanced-nr', 0, 'mitsubishi-f-15j-eagle', 'jp-303rd-tactical-fighter-squadron', 1);
INSERT INTO "photo_subjects" ("photo_id", "position", "aircraft_id", "unit_id", "is_primary") VALUES ('2023-10-07-dsc04048-enhanced-nr', 0, 'mitsubishi-f-15j-eagle', 'jp-303rd-tactical-fighter-squadron', 1);
INSERT INTO "photo_subjects" ("photo_id", "position", "aircraft_id", "unit_id", "is_primary") VALUES ('2023-10-07-dsc04079-enhanced-nr', 0, 'mitsubishi-f-15j-eagle', 'jp-303rd-tactical-fighter-squadron', 1);
INSERT INTO "photo_subjects" ("photo_id", "position", "aircraft_id", "unit_id", "is_primary") VALUES ('2023-10-07-dsc04272-enhanced-nr', 0, 'mitsubishi-f-15j-eagle', 'jp-306th-tactical-fighter-squadron', 1);
INSERT INTO "photo_subjects" ("photo_id", "position", "aircraft_id", "unit_id", "is_primary") VALUES ('2023-10-07-dsc04275-enhanced-nr-1', 0, 'mitsubishi-f-15j-eagle', 'jp-306th-tactical-fighter-squadron', 1);
INSERT INTO "photo_subjects" ("photo_id", "position", "aircraft_id", "unit_id", "is_primary") VALUES ('2023-10-07-dsc04312-enhanced-nr', 0, 'mitsubishi-f-15j-eagle', 'jp-306th-tactical-fighter-squadron', 1);
INSERT INTO "photo_subjects" ("photo_id", "position", "aircraft_id", "unit_id", "is_primary") VALUES ('2023-10-07-dsc04539-enhanced-nr-1', 0, 'mitsubishi-f-15j-eagle', 'jp-306th-tactical-fighter-squadron', 1);
INSERT INTO "photo_subjects" ("photo_id", "position", "aircraft_id", "unit_id", "is_primary") VALUES ('2023-10-07-dsc04572-enhanced-nr', 0, 'mitsubishi-f-15j-eagle', 'jp-306th-tactical-fighter-squadron', 1);
INSERT INTO "photo_subjects" ("photo_id", "position", "aircraft_id", "unit_id", "is_primary") VALUES ('2023-10-07-dsc04591-enhanced-nr', 0, 'mitsubishi-f-15j-eagle', 'jp-306th-tactical-fighter-squadron', 1);
INSERT INTO "photo_subjects" ("photo_id", "position", "aircraft_id", "unit_id", "is_primary") VALUES ('2023-10-07-dsc04609-enhanced-nr', 0, 'mitsubishi-f-15j-eagle', 'jp-306th-tactical-fighter-squadron', 1);
INSERT INTO "photo_subjects" ("photo_id", "position", "aircraft_id", "unit_id", "is_primary") VALUES ('2023-10-07-dsc04612-enhanced-nr', 0, 'mitsubishi-f-15j-eagle', 'jp-306th-tactical-fighter-squadron', 1);
INSERT INTO "photo_subjects" ("photo_id", "position", "aircraft_id", "unit_id", "is_primary") VALUES ('2023-10-21-dsc00503-enhanced-nr', 0, 'kawasaki-p-1', 'jp-air-patrol-squadron-3', 1);
INSERT INTO "photo_subjects" ("photo_id", "position", "aircraft_id", "unit_id", "is_primary") VALUES ('2023-10-21-dsc00528-enhanced-nr-1', 0, 'kawasaki-p-1', 'jp-air-patrol-squadron-3', 1);
INSERT INTO "photo_subjects" ("photo_id", "position", "aircraft_id", "unit_id", "is_primary") VALUES ('2023-10-21-dsc00638-enhanced-nr', 0, 'kawasaki-up-1', 'jp-vx-51', 1);
INSERT INTO "photo_subjects" ("photo_id", "position", "aircraft_id", "unit_id", "is_primary") VALUES ('2023-10-29-dsc01458-enhanced-nr-1', 0, 'boeing-e-767', 'jp-602nd-squadron', 1);
INSERT INTO "photo_subjects" ("photo_id", "position", "aircraft_id", "unit_id", "is_primary") VALUES ('2023-11-04-dsc06871-enhanced-nr', 0, 'kawasaki-up-3d', 'jp-51st-fleet-air-squadron', 1);
INSERT INTO "photo_subjects" ("photo_id", "position", "aircraft_id", "unit_id", "is_primary") VALUES ('2023-11-04-dsc06896-enhanced-nr', 0, 'kawasaki-up-3d', 'jp-51st-fleet-air-squadron', 1);
INSERT INTO "photo_subjects" ("photo_id", "position", "aircraft_id", "unit_id", "is_primary") VALUES ('2023-11-11-dsc07202-enhanced-nr', 0, 'mitsubishi-f-2a', 'jp-air-development-and-test-wing', 1);
INSERT INTO "photo_subjects" ("photo_id", "position", "aircraft_id", "unit_id", "is_primary") VALUES ('2023-11-11-dsc07205-enhanced-nr', 0, 'mitsubishi-f-15j-eagle', 'jp-air-development-and-test-wing', 1);
INSERT INTO "photo_subjects" ("photo_id", "position", "aircraft_id", "unit_id", "is_primary") VALUES ('2023-11-11-dsc07295-enhanced-nr', 0, 'mitsubishi-f-15j-eagle', 'jp-air-development-and-test-wing', 1);
INSERT INTO "photo_subjects" ("photo_id", "position", "aircraft_id", "unit_id", "is_primary") VALUES ('2023-11-11-dsc07403-enhanced-nr', 0, 'mitsubishi-f-2a', 'jp-air-development-and-test-wing', 1);
INSERT INTO "photo_subjects" ("photo_id", "position", "aircraft_id", "unit_id", "is_primary") VALUES ('2023-11-11-dsc07562-enhanced-nr-1', 0, 'mitsubishi-f-2a', 'jp-air-development-and-test-wing', 1);
INSERT INTO "photo_subjects" ("photo_id", "position", "aircraft_id", "unit_id", "is_primary") VALUES ('2023-11-11-dsc07575-enhanced-nr', 0, 'mitsubishi-f-15j-eagle', 'jp-air-development-and-test-wing', 1);
INSERT INTO "photo_subjects" ("photo_id", "position", "aircraft_id", "unit_id", "is_primary") VALUES ('2023-11-11-dsc08070-enhanced-nr', 0, 'kawasaki-t-4', 'jp-blue-impulse', 1);
INSERT INTO "photo_subjects" ("photo_id", "position", "aircraft_id", "unit_id", "is_primary") VALUES ('2023-11-12-dsc00093-enhanced-nr', 0, 'hawker-u-125a', 'jp-air-rescue-wing', 1);
INSERT INTO "photo_subjects" ("photo_id", "position", "aircraft_id", "unit_id", "is_primary") VALUES ('2023-11-12-dsc00239-enhanced-nr', 0, 'mitsubishi-f-2b', 'jp-air-development-and-test-wing', 1);
INSERT INTO "photo_subjects" ("photo_id", "position", "aircraft_id", "unit_id", "is_primary") VALUES ('2023-11-12-dsc00354-enhanced-nr', 0, 'mitsubishi-f-15j-eagle', 'jp-air-development-and-test-wing', 1);
INSERT INTO "photo_subjects" ("photo_id", "position", "aircraft_id", "unit_id", "is_primary") VALUES ('2023-11-12-dsc00673-enhanced-nr-1', 0, 'mitsubishi-f-2a', 'jp-air-development-and-test-wing', 1);
INSERT INTO "photo_subjects" ("photo_id", "position", "aircraft_id", "unit_id", "is_primary") VALUES ('2023-11-12-dsc00693-enhanced-nr', 0, 'mitsubishi-f-2a', 'jp-air-development-and-test-wing', 1);
INSERT INTO "photo_subjects" ("photo_id", "position", "aircraft_id", "unit_id", "is_primary") VALUES ('2023-11-12-dsc00700-enhanced-nr', 0, 'mitsubishi-f-2a', 'jp-air-development-and-test-wing', 1);
INSERT INTO "photo_subjects" ("photo_id", "position", "aircraft_id", "unit_id", "is_primary") VALUES ('2023-11-12-dsc00703-enhanced-nr-1', 0, 'mitsubishi-f-2a', 'jp-air-development-and-test-wing', 1);
INSERT INTO "photo_subjects" ("photo_id", "position", "aircraft_id", "unit_id", "is_primary") VALUES ('2023-11-12-dsc00722-enhanced-nr', 0, 'mitsubishi-f-2a', 'jp-air-development-and-test-wing', 1);
INSERT INTO "photo_subjects" ("photo_id", "position", "aircraft_id", "unit_id", "is_primary") VALUES ('2023-11-12-dsc00962-enhanced-nr', 0, NULL, 'jp-air-development-and-test-wing', 1);
INSERT INTO "photo_subjects" ("photo_id", "position", "aircraft_id", "unit_id", "is_primary") VALUES ('2023-11-12-dsc01085-enhanced-nr', 0, 'kawasaki-c-2', 'jp-air-development-and-test-wing', 1);
INSERT INTO "photo_subjects" ("photo_id", "position", "aircraft_id", "unit_id", "is_primary") VALUES ('2023-11-12-dsc01092-enhanced-nr', 0, 'kawasaki-c-2', 'jp-air-development-and-test-wing', 1);
INSERT INTO "photo_subjects" ("photo_id", "position", "aircraft_id", "unit_id", "is_primary") VALUES ('2023-11-12-dsc01119-enhanced-nr', 0, 'kawasaki-c-2', 'jp-air-development-and-test-wing', 1);
INSERT INTO "photo_subjects" ("photo_id", "position", "aircraft_id", "unit_id", "is_primary") VALUES ('2023-11-12-dsc01140-enhanced-nr', 0, 'kawasaki-c-2', 'jp-air-development-and-test-wing', 1);
INSERT INTO "photo_subjects" ("photo_id", "position", "aircraft_id", "unit_id", "is_primary") VALUES ('2023-11-12-dsc01206-enhanced-nr', 0, NULL, 'jp-air-development-and-test-wing', 1);
INSERT INTO "photo_subjects" ("photo_id", "position", "aircraft_id", "unit_id", "is_primary") VALUES ('2023-11-12-dsc01224-enhanced-nr', 0, NULL, 'jp-air-development-and-test-wing', 1);
INSERT INTO "photo_subjects" ("photo_id", "position", "aircraft_id", "unit_id", "is_primary") VALUES ('2023-11-12-dsc01240-enhanced-nr', 0, NULL, 'jp-air-development-and-test-wing', 1);
INSERT INTO "photo_subjects" ("photo_id", "position", "aircraft_id", "unit_id", "is_primary") VALUES ('2023-11-12-dsc01248-enhanced-nr', 0, NULL, 'jp-air-development-and-test-wing', 1);
INSERT INTO "photo_subjects" ("photo_id", "position", "aircraft_id", "unit_id", "is_primary") VALUES ('2023-11-12-dsc01250-enhanced-nr', 0, NULL, 'jp-air-development-and-test-wing', 1);
INSERT INTO "photo_subjects" ("photo_id", "position", "aircraft_id", "unit_id", "is_primary") VALUES ('2023-11-12-dsc01252-enhanced-nr', 0, NULL, 'jp-air-development-and-test-wing', 1);
INSERT INTO "photo_subjects" ("photo_id", "position", "aircraft_id", "unit_id", "is_primary") VALUES ('2023-11-12-dsc01259-enhanced-nr', 0, NULL, 'jp-air-development-and-test-wing', 1);
INSERT INTO "photo_subjects" ("photo_id", "position", "aircraft_id", "unit_id", "is_primary") VALUES ('2023-11-12-dsc01265-enhanced-nr', 0, NULL, 'jp-air-development-and-test-wing', 1);
INSERT INTO "photo_subjects" ("photo_id", "position", "aircraft_id", "unit_id", "is_primary") VALUES ('2023-11-12-dsc09175-enhanced-nr', 0, 'mitsubishi-f-2b', 'jp-air-development-and-test-wing', 1);
INSERT INTO "photo_subjects" ("photo_id", "position", "aircraft_id", "unit_id", "is_primary") VALUES ('2023-11-12-dsc09476-enhanced-nr', 0, NULL, 'jp-air-development-and-test-wing', 1);
INSERT INTO "photo_subjects" ("photo_id", "position", "aircraft_id", "unit_id", "is_primary") VALUES ('2023-11-12-dsc09583-enhanced-nr', 0, 'mitsubishi-f-2a', 'jp-air-development-and-test-wing', 1);
INSERT INTO "photo_subjects" ("photo_id", "position", "aircraft_id", "unit_id", "is_primary") VALUES ('2023-11-12-dsc09667-enhanced-nr', 0, 'mitsubishi-f-2b', 'jp-air-development-and-test-wing', 1);
INSERT INTO "photo_subjects" ("photo_id", "position", "aircraft_id", "unit_id", "is_primary") VALUES ('2023-11-12-dsc09722-enhanced-nr', 0, 'boeing-kc-767j', 'jp-404th-tactical-airlift-tanker-squadron', 1);
INSERT INTO "photo_subjects" ("photo_id", "position", "aircraft_id", "unit_id", "is_primary") VALUES ('2023-11-12-dsc09753-enhanced-nr', 0, 'boeing-kc-767j', 'jp-404th-tactical-airlift-tanker-squadron', 1);
INSERT INTO "photo_subjects" ("photo_id", "position", "aircraft_id", "unit_id", "is_primary") VALUES ('2023-11-12-dsc09892-enhanced-nr', 0, 'hawker-u-125a', 'jp-air-rescue-wing', 1);
INSERT INTO "photo_subjects" ("photo_id", "position", "aircraft_id", "unit_id", "is_primary") VALUES ('2023-11-12-gifu-formation-1', 0, NULL, 'jp-air-development-and-test-wing', 1);
INSERT INTO "photo_subjects" ("photo_id", "position", "aircraft_id", "unit_id", "is_primary") VALUES ('2023-11-12-gifu-formation-2', 0, NULL, 'jp-air-development-and-test-wing', 1);
INSERT INTO "photo_subjects" ("photo_id", "position", "aircraft_id", "unit_id", "is_primary") VALUES ('2023-11-26-dsc04019-enhanced-nr-1', 0, 'mitsubishi-f-2a', 'jp-8th-tactical-fighter-squadron', 1);
INSERT INTO "photo_subjects" ("photo_id", "position", "aircraft_id", "unit_id", "is_primary") VALUES ('2023-11-26-dsc04107-enhanced-nr', 0, 'mitsubishi-f-2a', 'jp-6th-tactical-fighter-squadron', 1);
INSERT INTO "photo_subjects" ("photo_id", "position", "aircraft_id", "unit_id", "is_primary") VALUES ('2023-11-26-dsc04130-enhanced-nr', 0, 'mitsubishi-f-2a', 'jp-6th-tactical-fighter-squadron', 1);
INSERT INTO "photo_subjects" ("photo_id", "position", "aircraft_id", "unit_id", "is_primary") VALUES ('2023-11-26-dsc04151-enhanced-nr', 0, 'mitsubishi-f-2a', 'jp-6th-tactical-fighter-squadron', 1);
INSERT INTO "photo_subjects" ("photo_id", "position", "aircraft_id", "unit_id", "is_primary") VALUES ('2023-11-26-dsc04165-enhanced-nr', 0, 'mitsubishi-f-2a', 'jp-6th-tactical-fighter-squadron', 1);
INSERT INTO "photo_subjects" ("photo_id", "position", "aircraft_id", "unit_id", "is_primary") VALUES ('2023-11-26-dsc04210-enhanced-nr-2', 0, 'mitsubishi-f-2a', 'jp-8th-tactical-fighter-squadron', 1);
INSERT INTO "photo_subjects" ("photo_id", "position", "aircraft_id", "unit_id", "is_primary") VALUES ('2023-11-26-dsc04235-enhanced-nr', 0, 'mitsubishi-f-2a', 'jp-8th-tactical-fighter-squadron', 1);
INSERT INTO "photo_subjects" ("photo_id", "position", "aircraft_id", "unit_id", "is_primary") VALUES ('2023-11-26-dsc04253-enhanced-nr', 0, 'mitsubishi-f-2a', 'jp-8th-tactical-fighter-squadron', 1);
INSERT INTO "photo_subjects" ("photo_id", "position", "aircraft_id", "unit_id", "is_primary") VALUES ('2023-11-26-dsc04339-enhanced-nr', 0, 'mitsubishi-f-2a', 'jp-8th-tactical-fighter-squadron', 1);
INSERT INTO "photo_subjects" ("photo_id", "position", "aircraft_id", "unit_id", "is_primary") VALUES ('2023-11-26-dsc04362-enhanced-nr', 0, 'mitsubishi-f-2a', 'jp-8th-tactical-fighter-squadron', 1);
INSERT INTO "photo_subjects" ("photo_id", "position", "aircraft_id", "unit_id", "is_primary") VALUES ('2023-11-26-dsc04506-enhanced-nr', 0, 'mitsubishi-f-2a', 'jp-6th-tactical-fighter-squadron', 1);
INSERT INTO "photo_subjects" ("photo_id", "position", "aircraft_id", "unit_id", "is_primary") VALUES ('2023-11-26-dsc04557-enhanced-nr', 0, 'mitsubishi-f-2a', 'jp-8th-tactical-fighter-squadron', 1);
INSERT INTO "photo_subjects" ("photo_id", "position", "aircraft_id", "unit_id", "is_primary") VALUES ('2023-11-26-dsc04564-enhanced-nr', 0, 'mitsubishi-f-2a', 'jp-8th-tactical-fighter-squadron', 1);
INSERT INTO "photo_subjects" ("photo_id", "position", "aircraft_id", "unit_id", "is_primary") VALUES ('2023-11-26-dsc04758-enhanced-nr', 0, 'mitsubishi-f-2a', 'jp-8th-tactical-fighter-squadron', 1);
INSERT INTO "photo_subjects" ("photo_id", "position", "aircraft_id", "unit_id", "is_primary") VALUES ('2023-11-26-dsc05377-enhanced-nr', 0, 'boeing-ah-64djp-apache', 'jp-1st-attack-helicopter-squadron', 1);
INSERT INTO "photo_subjects" ("photo_id", "position", "aircraft_id", "unit_id", "is_primary") VALUES ('2023-11-26-dsc05398-enhanced-nr', 0, 'boeing-ah-64djp-apache', 'jp-1st-attack-helicopter-squadron', 1);
INSERT INTO "photo_subjects" ("photo_id", "position", "aircraft_id", "unit_id", "is_primary") VALUES ('2023-11-26-dsc05412-enhanced-nr', 0, 'boeing-ah-64djp-apache', 'jp-1st-attack-helicopter-squadron', 1);
INSERT INTO "photo_subjects" ("photo_id", "position", "aircraft_id", "unit_id", "is_primary") VALUES ('2023-11-26-dsc05455-enhanced-nr', 0, 'boeing-ah-64djp-apache', 'jp-1st-attack-helicopter-squadron', 1);
INSERT INTO "photo_subjects" ("photo_id", "position", "aircraft_id", "unit_id", "is_primary") VALUES ('2023-11-26-dsc05489-enhanced-nr', 0, 'boeing-ah-64djp-apache', 'jp-1st-attack-helicopter-squadron', 1);
INSERT INTO "photo_subjects" ("photo_id", "position", "aircraft_id", "unit_id", "is_primary") VALUES ('2023-11-26-dsc05490-enhanced-nr', 0, 'boeing-ah-64djp-apache', 'jp-1st-attack-helicopter-squadron', 1);
INSERT INTO "photo_subjects" ("photo_id", "position", "aircraft_id", "unit_id", "is_primary") VALUES ('2023-11-26-dsc05534-enhanced-nr', 0, 'boeing-ah-64djp-apache', 'jp-1st-attack-helicopter-squadron', 1);
INSERT INTO "photo_subjects" ("photo_id", "position", "aircraft_id", "unit_id", "is_primary") VALUES ('2023-11-26-dsc05547-enhanced-nr', 0, 'boeing-ah-64djp-apache', 'jp-1st-attack-helicopter-squadron', 1);
INSERT INTO "photo_subjects" ("photo_id", "position", "aircraft_id", "unit_id", "is_primary") VALUES ('2023-11-26-dsc05612-enhanced-nr', 0, 'boeing-ah-64djp-apache', 'jp-1st-attack-helicopter-squadron', 1);
INSERT INTO "photo_subjects" ("photo_id", "position", "aircraft_id", "unit_id", "is_primary") VALUES ('2023-11-26-dsc05622-enhanced-nr', 0, 'boeing-ah-64djp-apache', 'jp-1st-attack-helicopter-squadron', 1);
INSERT INTO "photo_subjects" ("photo_id", "position", "aircraft_id", "unit_id", "is_primary") VALUES ('2023-11-26-dsc05672-enhanced-nr-1', 0, NULL, 'jp-air-rescue-wing', 1);
INSERT INTO "photo_subjects" ("photo_id", "position", "aircraft_id", "unit_id", "is_primary") VALUES ('2023-11-26-dsc05676-enhanced-nr-1', 0, NULL, 'jp-air-rescue-wing', 1);
INSERT INTO "photo_subjects" ("photo_id", "position", "aircraft_id", "unit_id", "is_primary") VALUES ('2023-11-26-dsc05695-enhanced-nr-1', 0, 'hawker-u-125a', 'jp-air-rescue-wing', 1);
INSERT INTO "photo_subjects" ("photo_id", "position", "aircraft_id", "unit_id", "is_primary") VALUES ('2023-11-26-dsc05707-enhanced-nr', 0, 'hawker-u-125a', 'jp-air-rescue-wing', 1);
INSERT INTO "photo_subjects" ("photo_id", "position", "aircraft_id", "unit_id", "is_primary") VALUES ('2023-11-26-dsc05775-enhanced-nr-1', 0, 'mitsubishi-uh-60j', 'jp-air-rescue-wing', 1);
INSERT INTO "photo_subjects" ("photo_id", "position", "aircraft_id", "unit_id", "is_primary") VALUES ('2023-11-26-dsc05813-enhanced-nr', 0, 'mitsubishi-uh-60j', 'jp-air-rescue-wing', 1);
INSERT INTO "photo_subjects" ("photo_id", "position", "aircraft_id", "unit_id", "is_primary") VALUES ('2023-11-26-dsc05864-enhanced-nr', 0, 'mitsubishi-uh-60j', 'jp-air-rescue-wing', 1);
INSERT INTO "photo_subjects" ("photo_id", "position", "aircraft_id", "unit_id", "is_primary") VALUES ('2023-11-26-dsc06010-enhanced-nr', 0, 'hawker-u-125a', 'jp-air-rescue-wing', 1);
INSERT INTO "photo_subjects" ("photo_id", "position", "aircraft_id", "unit_id", "is_primary") VALUES ('2023-11-26-dsc06045-enhanced-nr', 0, 'hawker-u-125a', 'jp-air-rescue-wing', 1);
INSERT INTO "photo_subjects" ("photo_id", "position", "aircraft_id", "unit_id", "is_primary") VALUES ('2023-11-26-dsc06065-enhanced-nr', 0, 'hawker-u-125a', 'jp-air-rescue-wing', 1);
INSERT INTO "photo_subjects" ("photo_id", "position", "aircraft_id", "unit_id", "is_primary") VALUES ('2023-11-26-dsc06082-enhanced-nr', 0, 'mitsubishi-uh-60j', 'jp-air-rescue-wing', 1);
INSERT INTO "photo_subjects" ("photo_id", "position", "aircraft_id", "unit_id", "is_primary") VALUES ('2023-11-26-dsc06128-enhanced-nr', 0, 'mitsubishi-uh-60j', 'jp-air-rescue-wing', 1);
INSERT INTO "photo_subjects" ("photo_id", "position", "aircraft_id", "unit_id", "is_primary") VALUES ('2023-11-26-dsc06178-enhanced-nr', 0, 'mitsubishi-f-2a', 'jp-6th-tactical-fighter-squadron', 1);
INSERT INTO "photo_subjects" ("photo_id", "position", "aircraft_id", "unit_id", "is_primary") VALUES ('2023-11-26-dsc06273', 0, 'kawasaki-t-4', 'jp-blue-impulse', 1);
INSERT INTO "photo_subjects" ("photo_id", "position", "aircraft_id", "unit_id", "is_primary") VALUES ('2023-11-26-dsc06297', 0, 'kawasaki-t-4', 'jp-blue-impulse', 1);
INSERT INTO "photo_subjects" ("photo_id", "position", "aircraft_id", "unit_id", "is_primary") VALUES ('2023-11-26-dsc06305', 0, 'kawasaki-t-4', 'jp-blue-impulse', 1);
INSERT INTO "photo_subjects" ("photo_id", "position", "aircraft_id", "unit_id", "is_primary") VALUES ('2023-11-26-dsc06310', 0, 'kawasaki-t-4', 'jp-blue-impulse', 1);
INSERT INTO "photo_subjects" ("photo_id", "position", "aircraft_id", "unit_id", "is_primary") VALUES ('2023-11-26-dsc06324', 0, 'kawasaki-t-4', 'jp-blue-impulse', 1);
INSERT INTO "photo_subjects" ("photo_id", "position", "aircraft_id", "unit_id", "is_primary") VALUES ('2023-11-26-dsc06342', 0, 'kawasaki-t-4', 'jp-blue-impulse', 1);
INSERT INTO "photo_subjects" ("photo_id", "position", "aircraft_id", "unit_id", "is_primary") VALUES ('2023-11-26-dsc06396-enhanced-nr', 0, 'shinmaywa-us-2', 'jp-air-rescue-squadron-71-ars-71', 1);
INSERT INTO "photo_subjects" ("photo_id", "position", "aircraft_id", "unit_id", "is_primary") VALUES ('2023-11-26-dsc06411-enhanced-nr', 0, 'shinmaywa-us-2', 'jp-air-rescue-squadron-71-ars-71', 1);
INSERT INTO "photo_subjects" ("photo_id", "position", "aircraft_id", "unit_id", "is_primary") VALUES ('2023-11-26-dsc06437-enhanced-nr', 0, 'shinmaywa-us-2', 'jp-air-rescue-squadron-71-ars-71', 1);
INSERT INTO "photo_subjects" ("photo_id", "position", "aircraft_id", "unit_id", "is_primary") VALUES ('2023-11-26-dsc06473-enhanced-nr-1', 0, 'mitsubishi-f-2a', 'jp-8th-tactical-fighter-squadron', 1);
INSERT INTO "photo_subjects" ("photo_id", "position", "aircraft_id", "unit_id", "is_primary") VALUES ('2023-11-26-dsc06512-enhanced-nr', 0, 'mitsubishi-f-2a', 'jp-8th-tactical-fighter-squadron', 1);
INSERT INTO "photo_subjects" ("photo_id", "position", "aircraft_id", "unit_id", "is_primary") VALUES ('2023-11-26-dsc06560-enhanced-nr', 0, 'mitsubishi-f-2a', 'jp-8th-tactical-fighter-squadron', 1);
INSERT INTO "photo_subjects" ("photo_id", "position", "aircraft_id", "unit_id", "is_primary") VALUES ('2023-11-26-dsc07228-enhanced-nr', 0, 'mitsubishi-f-2a', 'jp-8th-tactical-fighter-squadron', 1);
INSERT INTO "photo_subjects" ("photo_id", "position", "aircraft_id", "unit_id", "is_primary") VALUES ('2023-11-26-dsc07375-enhanced-nr', 0, 'mitsubishi-f-2a', 'jp-6th-tactical-fighter-squadron', 1);
INSERT INTO "photo_subjects" ("photo_id", "position", "aircraft_id", "unit_id", "is_primary") VALUES ('2023-11-26-dsc07469-enhanced-nr', 0, 'mitsubishi-f-2a', 'jp-6th-tactical-fighter-squadron', 1);
INSERT INTO "photo_subjects" ("photo_id", "position", "aircraft_id", "unit_id", "is_primary") VALUES ('2023-11-26-dsc07517-enhanced-nr', 0, 'boeing-kc-767j', 'jp-404th-tactical-airlift-tanker-squadron', 1);
INSERT INTO "photo_subjects" ("photo_id", "position", "aircraft_id", "unit_id", "is_primary") VALUES ('2023-11-26-dsc07531-enhanced-nr-2', 0, 'kawasaki-p-1', 'jp-air-patrol-squadron-1', 1);
INSERT INTO "photo_subjects" ("photo_id", "position", "aircraft_id", "unit_id", "is_primary") VALUES ('2023-11-27-dsc07775-enhanced-nr', 0, 'airbus-a320-200', 'jp-starflyer', 1);
INSERT INTO "photo_subjects" ("photo_id", "position", "aircraft_id", "unit_id", "is_primary") VALUES ('2023-11-27-dsc07789-enhanced-nr', 0, 'airbus-a320-200', 'jp-starflyer', 1);
INSERT INTO "photo_subjects" ("photo_id", "position", "aircraft_id", "unit_id", "is_primary") VALUES ('2023-11-29-dsc08863-enhanced-nr', 0, 'lockheed-c-130j-super-hercules', 'us-36th-airlift-squadron', 1);
INSERT INTO "photo_subjects" ("photo_id", "position", "aircraft_id", "unit_id", "is_primary") VALUES ('2023-11-29-dsc09870-enhanced-nr', 0, 'lockheed-c-130j-super-hercules', 'us-36th-airlift-squadron', 1);
INSERT INTO "photo_subjects" ("photo_id", "position", "aircraft_id", "unit_id", "is_primary") VALUES ('2023-12-20-c2-vrc40', 0, 'grumman-c-2a-greyhound', 'us-vrc-40', 1);
INSERT INTO "photo_subjects" ("photo_id", "position", "aircraft_id", "unit_id", "is_primary") VALUES ('2024-01-11-metrea-kc135-1', 0, 'boeing-kc-135-stratotanker', 'us-metrea', 1);
INSERT INTO "photo_subjects" ("photo_id", "position", "aircraft_id", "unit_id", "is_primary") VALUES ('2024-01-11-metrea-kc135-2', 0, 'boeing-kc-135-stratotanker', 'us-metrea', 1);
INSERT INTO "photo_subjects" ("photo_id", "position", "aircraft_id", "unit_id", "is_primary") VALUES ('2024-01-11-metrea-kc135-3', 0, 'boeing-kc-135-stratotanker', 'us-metrea', 1);
INSERT INTO "photo_subjects" ("photo_id", "position", "aircraft_id", "unit_id", "is_primary") VALUES ('2024-02-13-dsc02772-enhanced-nr', 0, 'kai-t-50b-golden-eagle', 'kr-black-eagles', 1);
INSERT INTO "photo_subjects" ("photo_id", "position", "aircraft_id", "unit_id", "is_primary") VALUES ('2024-02-13-dsc02792-enhanced-nr', 0, 'kai-t-50b-golden-eagle', 'kr-black-eagles', 1);
INSERT INTO "photo_subjects" ("photo_id", "position", "aircraft_id", "unit_id", "is_primary") VALUES ('2024-02-13-dsc02847-enhanced-nr', 0, 'kai-t-50b-golden-eagle', 'kr-black-eagles', 1);
INSERT INTO "photo_subjects" ("photo_id", "position", "aircraft_id", "unit_id", "is_primary") VALUES ('2024-02-13-dsc02886-enhanced-nr', 0, 'kai-t-50b-golden-eagle', 'kr-black-eagles', 1);
INSERT INTO "photo_subjects" ("photo_id", "position", "aircraft_id", "unit_id", "is_primary") VALUES ('2024-02-13-dsc02917-enhanced-nr', 0, 'kai-t-50b-golden-eagle', 'kr-black-eagles', 1);
INSERT INTO "photo_subjects" ("photo_id", "position", "aircraft_id", "unit_id", "is_primary") VALUES ('2024-02-13-dsc02965-enhanced-nr', 0, 'kai-t-50b-golden-eagle', 'kr-black-eagles', 1);
INSERT INTO "photo_subjects" ("photo_id", "position", "aircraft_id", "unit_id", "is_primary") VALUES ('2024-02-13-dsc03024-enhanced-nr', 0, 'kai-t-50b-golden-eagle', 'kr-black-eagles', 1);
INSERT INTO "photo_subjects" ("photo_id", "position", "aircraft_id", "unit_id", "is_primary") VALUES ('2024-02-13-dsc03042-enhanced-nr', 0, 'kai-t-50b-golden-eagle', 'kr-black-eagles', 1);
INSERT INTO "photo_subjects" ("photo_id", "position", "aircraft_id", "unit_id", "is_primary") VALUES ('2024-02-13-dsc03089-enhanced-nr', 0, 'kai-t-50b-golden-eagle', 'kr-black-eagles', 1);
INSERT INTO "photo_subjects" ("photo_id", "position", "aircraft_id", "unit_id", "is_primary") VALUES ('2024-02-13-dsc03123-enhanced-nr', 0, 'kai-t-50b-golden-eagle', 'kr-black-eagles', 1);
INSERT INTO "photo_subjects" ("photo_id", "position", "aircraft_id", "unit_id", "is_primary") VALUES ('2024-02-13-dsc03158-enhanced-nr', 0, 'kai-t-50b-golden-eagle', 'kr-black-eagles', 1);
INSERT INTO "photo_subjects" ("photo_id", "position", "aircraft_id", "unit_id", "is_primary") VALUES ('2024-02-13-dsc03195-enhanced-nr', 0, 'kai-t-50b-golden-eagle', 'kr-black-eagles', 1);
INSERT INTO "photo_subjects" ("photo_id", "position", "aircraft_id", "unit_id", "is_primary") VALUES ('2024-02-18-dsc05211-enhanced-nr', 0, 'kai-t-50b-golden-eagle', 'kr-black-eagles', 1);
INSERT INTO "photo_subjects" ("photo_id", "position", "aircraft_id", "unit_id", "is_primary") VALUES ('2024-02-18-dsc05282-enhanced-nr', 0, 'kai-t-50b-golden-eagle', 'kr-black-eagles', 1);
INSERT INTO "photo_subjects" ("photo_id", "position", "aircraft_id", "unit_id", "is_primary") VALUES ('2024-02-18-qc-dsc04655-enhanced-nr', 0, 'comac-c919', 'china-comac', 1);
INSERT INTO "photo_subjects" ("photo_id", "position", "aircraft_id", "unit_id", "is_primary") VALUES ('2024-02-22-dsc06179-enhanced-nr', 0, 'kai-t-50b-golden-eagle', 'kr-black-eagles', 1);
INSERT INTO "photo_subjects" ("photo_id", "position", "aircraft_id", "unit_id", "is_primary") VALUES ('2024-02-22-dsc06214-enhanced-nr', 0, 'kai-t-50b-golden-eagle', 'kr-black-eagles', 1);
INSERT INTO "photo_subjects" ("photo_id", "position", "aircraft_id", "unit_id", "is_primary") VALUES ('2024-02-22-dsc06548-enhanced-nr', 0, 'kai-t-50b-golden-eagle', 'kr-black-eagles', 1);
INSERT INTO "photo_subjects" ("photo_id", "position", "aircraft_id", "unit_id", "is_primary") VALUES ('2024-02-22-dsc06694-enhanced-nr', 0, 'kai-t-50b-golden-eagle', 'kr-black-eagles', 1);
INSERT INTO "photo_subjects" ("photo_id", "position", "aircraft_id", "unit_id", "is_primary") VALUES ('2024-02-22-dsc06744-enhanced-nr', 0, 'b-52h-stratofortress', 'us-23rd-bomb-squadron', 1);
INSERT INTO "photo_subjects" ("photo_id", "position", "aircraft_id", "unit_id", "is_primary") VALUES ('2024-02-22-dsc06779-enhanced-nr', 0, 'b-52h-stratofortress', 'us-23rd-bomb-squadron', 1);
INSERT INTO "photo_subjects" ("photo_id", "position", "aircraft_id", "unit_id", "is_primary") VALUES ('2024-02-22-dsc06817-enhanced-nr', 0, 'b-52h-stratofortress', 'us-23rd-bomb-squadron', 1);
INSERT INTO "photo_subjects" ("photo_id", "position", "aircraft_id", "unit_id", "is_primary") VALUES ('2024-02-22-dsc06822-enhanced-nr', 0, 'b-52h-stratofortress', 'us-23rd-bomb-squadron', 1);
INSERT INTO "photo_subjects" ("photo_id", "position", "aircraft_id", "unit_id", "is_primary") VALUES ('2024-03-04-usaf-ak-f35a-1', 0, 'lockheed-martin-f-35a-lightning-ii', 'us-355th-fighter-squadron', 1);
INSERT INTO "photo_subjects" ("photo_id", "position", "aircraft_id", "unit_id", "is_primary") VALUES ('2024-03-04-usaf-ak-f35a-2', 0, 'lockheed-martin-f-35a-lightning-ii', 'us-356th-fighter-squadron', 1);
INSERT INTO "photo_subjects" ("photo_id", "position", "aircraft_id", "unit_id", "is_primary") VALUES ('2024-05-03-dsc08053-enhanced-nr', 0, 'boeing-f-15sg-strike-eagle', 'sg-149-squadron', 1);
INSERT INTO "photo_subjects" ("photo_id", "position", "aircraft_id", "unit_id", "is_primary") VALUES ('2024-05-03-dsc08187-enhanced-nr', 0, 'boeing-f-15sg-strike-eagle', 'sg-142-squadron', 1);
INSERT INTO "photo_subjects" ("photo_id", "position", "aircraft_id", "unit_id", "is_primary") VALUES ('2024-05-30-dsc03647-enhanced-nr', 0, 'boeing-e-4b-nightwatch', 'us-1st-airborne-command-control-squadron', 1);
INSERT INTO "photo_subjects" ("photo_id", "position", "aircraft_id", "unit_id", "is_primary") VALUES ('2024-06-05-dsc04786-enhanced-nr', 0, 'boeing-e-4b-nightwatch', 'us-1st-airborne-command-control-squadron', 1);
INSERT INTO "photo_subjects" ("photo_id", "position", "aircraft_id", "unit_id", "is_primary") VALUES ('2024-06-05-dsc04820-enhanced-nr', 0, 'boeing-e-4b-nightwatch', 'us-1st-airborne-command-control-squadron', 1);
INSERT INTO "photo_subjects" ("photo_id", "position", "aircraft_id", "unit_id", "is_primary") VALUES ('2024-07-04-dsc08218-enhanced-nr', 0, 'airbus-a330-200', 'fr-ervts-2-31-esterel', 1);
INSERT INTO "photo_subjects" ("photo_id", "position", "aircraft_id", "unit_id", "is_primary") VALUES ('2024-07-04-dsc08248-enhanced-nr', 0, 'airbus-a330-200', 'fr-ervts-2-31-esterel', 1);
INSERT INTO "photo_subjects" ("photo_id", "position", "aircraft_id", "unit_id", "is_primary") VALUES ('2024-07-10-dsc08561-enhanced-nr', 0, 'airbus-a330-mrtt', 'fr-ervts-2-31-esterel', 1);
INSERT INTO "photo_subjects" ("photo_id", "position", "aircraft_id", "unit_id", "is_primary") VALUES ('2024-07-10-dsc08601', 0, 'airbus-a330-mrtt', 'fr-ervts-2-31-esterel', 1);
INSERT INTO "photo_subjects" ("photo_id", "position", "aircraft_id", "unit_id", "is_primary") VALUES ('2024-08-20-dsc05504-enhanced-nr', 0, 'mitsubishi-f-15j-eagle', 'jp-203rd-tactical-fighter-squadron', 1);
INSERT INTO "photo_subjects" ("photo_id", "position", "aircraft_id", "unit_id", "is_primary") VALUES ('2024-08-21-dsc00349-enhanced-nr', 0, 'boeing-777-300er', 'jp-701st-squadron-special-airlift-group', 1);
INSERT INTO "photo_subjects" ("photo_id", "position", "aircraft_id", "unit_id", "is_primary") VALUES ('2024-08-21-dsc05993-enhanced-nr', 0, 'mitsubishi-f-15j-eagle', 'jp-201st-tactical-fighter-squadron', 1);
INSERT INTO "photo_subjects" ("photo_id", "position", "aircraft_id", "unit_id", "is_primary") VALUES ('2024-08-21-dsc06371-enhanced-nr', 0, 'mitsubishi-f-15j-eagle', 'jp-203rd-tactical-fighter-squadron', 1);
INSERT INTO "photo_subjects" ("photo_id", "position", "aircraft_id", "unit_id", "is_primary") VALUES ('2024-08-21-dsc06698-enhanced-nr', 0, 'mitsubishi-f-15j-eagle', 'jp-203rd-tactical-fighter-squadron', 1);
INSERT INTO "photo_subjects" ("photo_id", "position", "aircraft_id", "unit_id", "is_primary") VALUES ('2024-08-21-dsc07818-enhanced-nr', 0, 'mitsubishi-f-15j-eagle', 'jp-203rd-tactical-fighter-squadron', 1);
INSERT INTO "photo_subjects" ("photo_id", "position", "aircraft_id", "unit_id", "is_primary") VALUES ('2024-08-21-dsc07833-enhanced-nr', 0, 'mitsubishi-f-15j-eagle', 'jp-203rd-tactical-fighter-squadron', 1);
INSERT INTO "photo_subjects" ("photo_id", "position", "aircraft_id", "unit_id", "is_primary") VALUES ('2024-08-21-dsc08013-enhanced-nr', 0, 'mitsubishi-f-15j-eagle', 'jp-203rd-tactical-fighter-squadron', 1);
INSERT INTO "photo_subjects" ("photo_id", "position", "aircraft_id", "unit_id", "is_primary") VALUES ('2024-08-21-dsc08019-enhanced-nr', 0, 'mitsubishi-f-15j-eagle', 'jp-203rd-tactical-fighter-squadron', 1);
INSERT INTO "photo_subjects" ("photo_id", "position", "aircraft_id", "unit_id", "is_primary") VALUES ('2024-08-21-dsc08164-enhanced-nr', 0, 'mitsubishi-f-15j-eagle', 'jp-203rd-tactical-fighter-squadron', 1);
INSERT INTO "photo_subjects" ("photo_id", "position", "aircraft_id", "unit_id", "is_primary") VALUES ('2024-08-21-dsc08215-enhanced-nr', 0, 'mitsubishi-f-15j-eagle', 'jp-203rd-tactical-fighter-squadron', 1);
INSERT INTO "photo_subjects" ("photo_id", "position", "aircraft_id", "unit_id", "is_primary") VALUES ('2024-08-22-dsc00442-enhanced-nr', 0, 'boeing-777-300er', 'jp-701st-squadron-special-airlift-group', 1);
INSERT INTO "photo_subjects" ("photo_id", "position", "aircraft_id", "unit_id", "is_primary") VALUES ('2024-08-22-dsc00565-enhanced-nr', 0, 'boeing-777-300er', 'jp-701st-squadron-special-airlift-group', 1);
INSERT INTO "photo_subjects" ("photo_id", "position", "aircraft_id", "unit_id", "is_primary") VALUES ('2024-09-29-dsc09753-enhanced-nr', 0, 'boeing-e-7a-wedgetail', 'au-no-2-squadron', 1);
INSERT INTO "photo_subjects" ("photo_id", "position", "aircraft_id", "unit_id", "is_primary") VALUES ('2024-09-29-dsc09765-enhanced-nr', 0, 'boeing-e-7a-wedgetail', 'au-no-2-squadron', 1);
INSERT INTO "photo_subjects" ("photo_id", "position", "aircraft_id", "unit_id", "is_primary") VALUES ('2024-09-29-dsc09773-enhanced-nr', 0, 'boeing-e-7a-wedgetail', 'au-no-2-squadron', 1);
INSERT INTO "photo_subjects" ("photo_id", "position", "aircraft_id", "unit_id", "is_primary") VALUES ('2025-02-03-dsc01755-enhanced-nr', 0, 'boeing-737-800', 'my-malaysian-airlines', 1);
INSERT INTO "photo_subjects" ("photo_id", "position", "aircraft_id", "unit_id", "is_primary") VALUES ('2025-02-03-dsc01763-enhanced-nr', 0, 'boeing-737-800', 'my-malaysian-airlines', 1);
INSERT INTO "photo_subjects" ("photo_id", "position", "aircraft_id", "unit_id", "is_primary") VALUES ('2025-04-17-n742ck', 0, 'boeing-747-400-f', 'us-kalitta-air', 1);
INSERT INTO "photo_subjects" ("photo_id", "position", "aircraft_id", "unit_id", "is_primary") VALUES ('2025-05-29-dsc02836-enhanced-nr', 0, 'gulfstream-c-37b', 'us-89th-airlift-wing', 1);
INSERT INTO "photo_subjects" ("photo_id", "position", "aircraft_id", "unit_id", "is_primary") VALUES ('2025-05-29-dsc02838-enhanced-nr', 0, 'gulfstream-c-37b', 'us-89th-airlift-wing', 1);
INSERT INTO "photo_subjects" ("photo_id", "position", "aircraft_id", "unit_id", "is_primary") VALUES ('2025-05-29-dsc02884-enhanced-nr', 0, 'boeing-e-4b-nightwatch', 'us-1st-airborne-command-control-squadron', 1);
INSERT INTO "photo_subjects" ("photo_id", "position", "aircraft_id", "unit_id", "is_primary") VALUES ('2025-05-29-dsc02895-enhanced-nr', 0, 'boeing-e-4b-nightwatch', 'us-1st-airborne-command-control-squadron', 1);
INSERT INTO "photo_subjects" ("photo_id", "position", "aircraft_id", "unit_id", "is_primary") VALUES ('2025-05-29-dsc02902-enhanced-nr', 0, 'boeing-e-4b-nightwatch', 'us-1st-airborne-command-control-squadron', 1);
INSERT INTO "photo_subjects" ("photo_id", "position", "aircraft_id", "unit_id", "is_primary") VALUES ('2025-05-29-dsc02905-enhanced-nr', 0, 'boeing-e-4b-nightwatch', 'us-1st-airborne-command-control-squadron', 1);
INSERT INTO "photo_subjects" ("photo_id", "position", "aircraft_id", "unit_id", "is_primary") VALUES ('2025-11-29-dsc00991', 0, 'mitsubishi-f-2a', 'jp-6th-tactical-fighter-squadron', 1);
INSERT INTO "photo_subjects" ("photo_id", "position", "aircraft_id", "unit_id", "is_primary") VALUES ('2025-11-29-dsc01142', 0, 'mitsubishi-f-2a', 'jp-6th-tactical-fighter-squadron', 1);
INSERT INTO "photo_subjects" ("photo_id", "position", "aircraft_id", "unit_id", "is_primary") VALUES ('2025-11-29-dsc01315', 0, 'mitsubishi-f-2a', 'jp-6th-tactical-fighter-squadron', 1);
INSERT INTO "photo_subjects" ("photo_id", "position", "aircraft_id", "unit_id", "is_primary") VALUES ('2025-11-29-dsc01459', 0, 'kawasaki-t-4', 'jp-blue-impulse', 1);
INSERT INTO "photo_subjects" ("photo_id", "position", "aircraft_id", "unit_id", "is_primary") VALUES ('2025-11-29-dsc01654', 0, 'kawasaki-t-4', 'jp-blue-impulse', 1);
INSERT INTO "photo_subjects" ("photo_id", "position", "aircraft_id", "unit_id", "is_primary") VALUES ('2025-11-29-dsc01808', 0, 'kawasaki-t-4', 'jp-blue-impulse', 1);
INSERT INTO "photo_subjects" ("photo_id", "position", "aircraft_id", "unit_id", "is_primary") VALUES ('2025-11-29-dsc01875', 0, 'kawasaki-t-4', 'jp-blue-impulse', 1);
INSERT INTO "photo_subjects" ("photo_id", "position", "aircraft_id", "unit_id", "is_primary") VALUES ('2025-11-29-dsc01957', 0, 'kawasaki-t-4', 'jp-blue-impulse', 1);
INSERT INTO "photo_subjects" ("photo_id", "position", "aircraft_id", "unit_id", "is_primary") VALUES ('2025-11-29-dsc02027', 0, 'kawasaki-t-4', 'jp-blue-impulse', 1);
INSERT INTO "photo_subjects" ("photo_id", "position", "aircraft_id", "unit_id", "is_primary") VALUES ('2025-11-29-dsc02296', 0, 'kawasaki-t-4', 'jp-blue-impulse', 1);
INSERT INTO "photo_subjects" ("photo_id", "position", "aircraft_id", "unit_id", "is_primary") VALUES ('2025-11-29-trio-jasdf-6tfs', 0, 'mitsubishi-f-2a', 'jp-6th-tactical-fighter-squadron', 1);
INSERT INTO "photo_subjects" ("photo_id", "position", "aircraft_id", "unit_id", "is_primary") VALUES ('2025-11-30-423022', 0, 'hawker-u-125a', 'jp-air-rescue-wing', 1);
INSERT INTO "photo_subjects" ("photo_id", "position", "aircraft_id", "unit_id", "is_primary") VALUES ('2025-11-30-584621', 0, 'mitsubishi-uh-60j', 'jp-air-rescue-wing', 1);
INSERT INTO "photo_subjects" ("photo_id", "position", "aircraft_id", "unit_id", "is_primary") VALUES ('2025-11-30-dsc02809', 0, 'mitsubishi-f-2a', 'jp-6th-tactical-fighter-squadron', 1);
INSERT INTO "photo_subjects" ("photo_id", "position", "aircraft_id", "unit_id", "is_primary") VALUES ('2025-11-30-dsc02832', 0, 'mitsubishi-f-2a', 'jp-6th-tactical-fighter-squadron', 1);
INSERT INTO "photo_subjects" ("photo_id", "position", "aircraft_id", "unit_id", "is_primary") VALUES ('2025-11-30-dsc03031', 0, 'mitsubishi-f-2a', 'jp-8th-tactical-fighter-squadron', 1);
INSERT INTO "photo_subjects" ("photo_id", "position", "aircraft_id", "unit_id", "is_primary") VALUES ('2025-11-30-dsc03104', 0, 'mitsubishi-f-2a', 'jp-8th-tactical-fighter-squadron', 1);
INSERT INTO "photo_subjects" ("photo_id", "position", "aircraft_id", "unit_id", "is_primary") VALUES ('2025-11-30-dsc03112', 0, 'mitsubishi-f-2a', 'jp-8th-tactical-fighter-squadron', 1);
INSERT INTO "photo_subjects" ("photo_id", "position", "aircraft_id", "unit_id", "is_primary") VALUES ('2025-11-30-dsc03195', 0, 'kawasaki-t-4', 'jp-8th-tactical-fighter-squadron', 1);
INSERT INTO "photo_subjects" ("photo_id", "position", "aircraft_id", "unit_id", "is_primary") VALUES ('2025-11-30-dsc03208', 0, 'kawasaki-t-4', 'jp-8th-tactical-fighter-squadron', 1);
INSERT INTO "photo_subjects" ("photo_id", "position", "aircraft_id", "unit_id", "is_primary") VALUES ('2025-11-30-dsc03282', 0, 'kawasaki-t-4', 'jp-8th-tactical-fighter-squadron', 1);
INSERT INTO "photo_subjects" ("photo_id", "position", "aircraft_id", "unit_id", "is_primary") VALUES ('2025-11-30-dsc03398', 0, 'mitsubishi-f-2a', 'jp-6th-tactical-fighter-squadron', 1);
INSERT INTO "photo_subjects" ("photo_id", "position", "aircraft_id", "unit_id", "is_primary") VALUES ('2025-11-30-dsc03421', 0, 'mitsubishi-f-2a', 'jp-8th-tactical-fighter-squadron', 1);
INSERT INTO "photo_subjects" ("photo_id", "position", "aircraft_id", "unit_id", "is_primary") VALUES ('2025-11-30-dsc03436', 0, 'mitsubishi-f-2a', 'jp-8th-tactical-fighter-squadron', 1);
INSERT INTO "photo_subjects" ("photo_id", "position", "aircraft_id", "unit_id", "is_primary") VALUES ('2025-11-30-dsc03442', 0, 'mitsubishi-f-2a', 'jp-8th-tactical-fighter-squadron', 1);
INSERT INTO "photo_subjects" ("photo_id", "position", "aircraft_id", "unit_id", "is_primary") VALUES ('2025-11-30-dsc03813', 0, 'mitsubishi-f-2a', 'jp-8th-tactical-fighter-squadron', 1);
INSERT INTO "photo_subjects" ("photo_id", "position", "aircraft_id", "unit_id", "is_primary") VALUES ('2025-11-30-dsc03889', 0, 'mitsubishi-f-2a', 'jp-8th-tactical-fighter-squadron', 1);
INSERT INTO "photo_subjects" ("photo_id", "position", "aircraft_id", "unit_id", "is_primary") VALUES ('2025-11-30-dsc04333', 0, 'mitsubishi-uh-60j', 'jp-air-rescue-wing', 1);
INSERT INTO "photo_subjects" ("photo_id", "position", "aircraft_id", "unit_id", "is_primary") VALUES ('2025-11-30-dsc04340', 0, 'mitsubishi-uh-60j', 'jp-air-rescue-wing', 1);
INSERT INTO "photo_subjects" ("photo_id", "position", "aircraft_id", "unit_id", "is_primary") VALUES ('2025-11-30-dsc04414', 0, 'mitsubishi-uh-60j', 'jp-air-rescue-wing', 1);
INSERT INTO "photo_subjects" ("photo_id", "position", "aircraft_id", "unit_id", "is_primary") VALUES ('2025-11-30-dsc04463', 0, 'mitsubishi-uh-60j', 'jp-air-rescue-wing', 1);
INSERT INTO "photo_subjects" ("photo_id", "position", "aircraft_id", "unit_id", "is_primary") VALUES ('2025-11-30-dsc04723', 0, 'hawker-u-125a', 'jp-air-rescue-wing', 1);
INSERT INTO "photo_subjects" ("photo_id", "position", "aircraft_id", "unit_id", "is_primary") VALUES ('2025-11-30-dsc04734', 0, 'hawker-u-125a', 'jp-air-rescue-wing', 1);
INSERT INTO "photo_subjects" ("photo_id", "position", "aircraft_id", "unit_id", "is_primary") VALUES ('2025-11-30-dsc04783', 0, 'hawker-u-125a', 'jp-air-rescue-wing', 1);
INSERT INTO "photo_subjects" ("photo_id", "position", "aircraft_id", "unit_id", "is_primary") VALUES ('2025-11-30-dsc04818', 0, 'hawker-u-125a', 'jp-air-rescue-wing', 1);
INSERT INTO "photo_subjects" ("photo_id", "position", "aircraft_id", "unit_id", "is_primary") VALUES ('2025-11-30-dsc04857', 0, 'hawker-u-125a', 'jp-air-rescue-wing', 1);
INSERT INTO "photo_subjects" ("photo_id", "position", "aircraft_id", "unit_id", "is_primary") VALUES ('2025-11-30-dsc04987', 0, 'boeing-kc-46-pegasus', 'jp-405th-air-refueling-squadron', 1);
INSERT INTO "photo_subjects" ("photo_id", "position", "aircraft_id", "unit_id", "is_primary") VALUES ('2025-11-30-dsc05021', 0, 'boeing-kc-46-pegasus', 'jp-405th-air-refueling-squadron', 1);
INSERT INTO "photo_subjects" ("photo_id", "position", "aircraft_id", "unit_id", "is_primary") VALUES ('2025-11-30-dsc05042', 0, 'boeing-kc-46-pegasus', 'jp-405th-air-refueling-squadron', 1);
INSERT INTO "photo_subjects" ("photo_id", "position", "aircraft_id", "unit_id", "is_primary") VALUES ('2025-11-30-dsc05061', 0, 'boeing-kc-46-pegasus', 'jp-405th-air-refueling-squadron', 1);
INSERT INTO "photo_subjects" ("photo_id", "position", "aircraft_id", "unit_id", "is_primary") VALUES ('2025-11-30-dsc05117', 0, 'kawasaki-oh-1-ninja', 'jp-1st-attack-helicopter-squadron', 1);
INSERT INTO "photo_subjects" ("photo_id", "position", "aircraft_id", "unit_id", "is_primary") VALUES ('2025-11-30-dsc05132', 0, 'kawasaki-oh-1-ninja', 'jp-1st-attack-helicopter-squadron', 1);
INSERT INTO "photo_subjects" ("photo_id", "position", "aircraft_id", "unit_id", "is_primary") VALUES ('2025-11-30-dsc05292', 0, 'kawasaki-oh-1-ninja', 'jp-1st-attack-helicopter-squadron', 1);
INSERT INTO "photo_subjects" ("photo_id", "position", "aircraft_id", "unit_id", "is_primary") VALUES ('2025-11-30-dsc05622', 0, 'kawasaki-oh-1-ninja', 'jp-1st-attack-helicopter-squadron', 1);
INSERT INTO "photo_subjects" ("photo_id", "position", "aircraft_id", "unit_id", "is_primary") VALUES ('2025-11-30-dsc05784', 0, 'kawasaki-oh-1-ninja', 'jp-1st-attack-helicopter-squadron', 1);
INSERT INTO "photo_subjects" ("photo_id", "position", "aircraft_id", "unit_id", "is_primary") VALUES ('2025-11-30-dsc05803', 0, 'kawasaki-oh-1-ninja', 'jp-1st-attack-helicopter-squadron', 1);
INSERT INTO "photo_subjects" ("photo_id", "position", "aircraft_id", "unit_id", "is_primary") VALUES ('2025-11-30-dsc05844', 0, 'kawasaki-oh-1-ninja', 'jp-1st-attack-helicopter-squadron', 1);
INSERT INTO "photo_subjects" ("photo_id", "position", "aircraft_id", "unit_id", "is_primary") VALUES ('2025-11-30-dsc05868', 0, 'kawasaki-oh-1-ninja', 'jp-1st-attack-helicopter-squadron', 1);
INSERT INTO "photo_subjects" ("photo_id", "position", "aircraft_id", "unit_id", "is_primary") VALUES ('2025-11-30-dsc05935', 0, 'kawasaki-oh-1-ninja', 'jp-1st-attack-helicopter-squadron', 1);
INSERT INTO "photo_subjects" ("photo_id", "position", "aircraft_id", "unit_id", "is_primary") VALUES ('2025-11-30-trio-jasdf-8tfs', 0, 'mitsubishi-f-2a', 'jp-8th-tactical-fighter-squadron', 1);
INSERT INTO "photo_subjects" ("photo_id", "position", "aircraft_id", "unit_id", "is_primary") VALUES ('2025-12-03-728893', 0, 'mitsubishi-f-15j-eagle', 'jp-303rd-tactical-fighter-squadron', 1);
INSERT INTO "photo_subjects" ("photo_id", "position", "aircraft_id", "unit_id", "is_primary") VALUES ('2025-12-04-928907', 0, 'mitsubishi-f-15j-eagle', 'jp-306th-tactical-fighter-squadron', 1);
INSERT INTO "photo_subjects" ("photo_id", "position", "aircraft_id", "unit_id", "is_primary") VALUES ('2025-12-07-dsc05020', 0, 'kawasaki-c-2', 'jp-402nd-tactical-airlift-squadron', 1);
INSERT INTO "photo_subjects" ("photo_id", "position", "aircraft_id", "unit_id", "is_primary") VALUES ('2025-12-07-dsc05029', 0, 'kawasaki-c-2', 'jp-402nd-tactical-airlift-squadron', 1);
INSERT INTO "photo_subjects" ("photo_id", "position", "aircraft_id", "unit_id", "is_primary") VALUES ('2025-12-07-dsc05045', 0, 'kawasaki-c-2', 'jp-402nd-tactical-airlift-squadron', 1);
INSERT INTO "photo_subjects" ("photo_id", "position", "aircraft_id", "unit_id", "is_primary") VALUES ('2025-12-07-dsc05101', 0, 'kawasaki-c-2', 'jp-402nd-tactical-airlift-squadron', 1);
INSERT INTO "photo_subjects" ("photo_id", "position", "aircraft_id", "unit_id", "is_primary") VALUES ('2025-12-09-204-sunset', 0, 'mitsubishi-f-15j-eagle', 'jp-204th-tactical-fighter-squadron', 1);
INSERT INTO "photo_subjects" ("photo_id", "position", "aircraft_id", "unit_id", "is_primary") VALUES ('2025-12-10-181202', 0, 'kawasaki-rc-2', 'jp-electronic-warfare-squadron', 1);
INSERT INTO "photo_subjects" ("photo_id", "position", "aircraft_id", "unit_id", "is_primary") VALUES ('2025-12-10-zz-0007', 0, 'boeing-e-3g-sentry', 'us-961st-airborne-air-control-squadron', 1);
INSERT INTO "photo_subjects" ("photo_id", "position", "aircraft_id", "unit_id", "is_primary") VALUES ('2025-12-11-dsc04209', 0, 'grumman-e-2d-hawkeye', 'jp-603rd-squadron', 1);
INSERT INTO "photo_subjects" ("photo_id", "position", "aircraft_id", "unit_id", "is_primary") VALUES ('2025-12-11-dsc04372', 0, 'grumman-e-2d-hawkeye', 'jp-603rd-squadron', 1);
INSERT INTO "photo_subjects" ("photo_id", "position", "aircraft_id", "unit_id", "is_primary") VALUES ('2025-12-12-128925', 0, 'mitsubishi-f-15j-eagle', 'jp-304th-tactical-fighter-squadron', 1);
INSERT INTO "photo_subjects" ("photo_id", "position", "aircraft_id", "unit_id", "is_primary") VALUES ('2025-12-12-dsc00567', 0, 'grumman-e-2d-hawkeye', 'jp-603rd-squadron', 1);
INSERT INTO "photo_subjects" ("photo_id", "position", "aircraft_id", "unit_id", "is_primary") VALUES ('2025-12-12-dsc00700', 0, 'sikorsky-ch-53e-super-stallion', 'us-hmh-464-heavy-helicopter-squadron', 1);
INSERT INTO "photo_subjects" ("photo_id", "position", "aircraft_id", "unit_id", "is_primary") VALUES ('2025-12-12-dsc00733', 0, 'sikorsky-ch-53e-super-stallion', 'us-hmh-464-heavy-helicopter-squadron', 1);
INSERT INTO "photo_subjects" ("photo_id", "position", "aircraft_id", "unit_id", "is_primary") VALUES ('2025-12-12-dsc00737', 0, 'bell-uh-1y-venom', 'us-marine-light-attack-helicopter-squadron-169-hmla-169', 1);
INSERT INTO "photo_subjects" ("photo_id", "position", "aircraft_id", "unit_id", "is_primary") VALUES ('2025-12-12-dsc00757', 0, 'sikorsky-ch-53e-super-stallion', 'us-hmh-464-heavy-helicopter-squadron', 1);
INSERT INTO "photo_subjects" ("photo_id", "position", "aircraft_id", "unit_id", "is_primary") VALUES ('2025-12-12-dsc00765', 0, 'cessna-uc-35-citation', 'us-usmc-operational-support-airlift', 1);
INSERT INTO "photo_subjects" ("photo_id", "position", "aircraft_id", "unit_id", "is_primary") VALUES ('2025-12-12-dsc00879', 0, 'bell-uh-1y-venom', 'us-marine-light-attack-helicopter-squadron-169-hmla-169', 1);
INSERT INTO "photo_subjects" ("photo_id", "position", "aircraft_id", "unit_id", "is_primary") VALUES ('2026-01-10-dsc04052', 0, 'general-dynamics-f-16b', 'th-403rd-fighter-squadron', 1);
INSERT INTO "photo_subjects" ("photo_id", "position", "aircraft_id", "unit_id", "is_primary") VALUES ('2026-01-10-dsc04059', 0, 'general-dynamics-f-16b', 'th-403rd-fighter-squadron', 1);
INSERT INTO "photo_subjects" ("photo_id", "position", "aircraft_id", "unit_id", "is_primary") VALUES ('2026-01-10-dsc04065', 0, 'general-dynamics-f-16b', 'th-403rd-fighter-squadron', 1);
INSERT INTO "photo_subjects" ("photo_id", "position", "aircraft_id", "unit_id", "is_primary") VALUES ('2026-01-10-dsc04071', 0, 'general-dynamics-f-16b', 'th-403rd-fighter-squadron', 1);
INSERT INTO "photo_subjects" ("photo_id", "position", "aircraft_id", "unit_id", "is_primary") VALUES ('2026-01-10-dsc04086', 0, 'general-dynamics-f-16a', 'th-103rd-fighter-squadron', 1);
INSERT INTO "photo_subjects" ("photo_id", "position", "aircraft_id", "unit_id", "is_primary") VALUES ('2026-01-10-dsc04119', 0, 'general-dynamics-f-16a', 'th-103rd-fighter-squadron', 1);
INSERT INTO "photo_subjects" ("photo_id", "position", "aircraft_id", "unit_id", "is_primary") VALUES ('2026-01-10-dsc04380', 0, 'general-dynamics-f-16a', 'th-103rd-fighter-squadron', 1);
INSERT INTO "photo_subjects" ("photo_id", "position", "aircraft_id", "unit_id", "is_primary") VALUES ('2026-01-10-dsc04426', 0, 'general-dynamics-f-16a', 'th-103rd-fighter-squadron', 1);
INSERT INTO "photo_subjects" ("photo_id", "position", "aircraft_id", "unit_id", "is_primary") VALUES ('2026-01-10-dsc04617', 0, 'general-dynamics-f-16a', 'th-103rd-fighter-squadron', 1);
INSERT INTO "photo_subjects" ("photo_id", "position", "aircraft_id", "unit_id", "is_primary") VALUES ('2026-01-10-dsc04717', 0, 'general-dynamics-f-16a', 'th-103rd-fighter-squadron', 1);
INSERT INTO "photo_subjects" ("photo_id", "position", "aircraft_id", "unit_id", "is_primary") VALUES ('2026-01-10-dsc04848', 0, 'general-dynamics-f-16a', 'th-103rd-fighter-squadron', 1);
INSERT INTO "photo_subjects" ("photo_id", "position", "aircraft_id", "unit_id", "is_primary") VALUES ('2026-01-10-dsc05150', 0, 'saab-gripen-c', 'th-701st-squadron', 1);
INSERT INTO "photo_subjects" ("photo_id", "position", "aircraft_id", "unit_id", "is_primary") VALUES ('2026-01-10-dsc05209', 0, 'saab-gripen-c', 'th-701st-squadron', 1);
INSERT INTO "photo_subjects" ("photo_id", "position", "aircraft_id", "unit_id", "is_primary") VALUES ('2026-01-10-dsc05227', 0, 'saab-gripen-c', 'th-701st-squadron', 1);
INSERT INTO "photo_subjects" ("photo_id", "position", "aircraft_id", "unit_id", "is_primary") VALUES ('2026-01-10-dsc05230', 0, 'saab-gripen-c', 'th-701st-squadron', 1);
INSERT INTO "photo_subjects" ("photo_id", "position", "aircraft_id", "unit_id", "is_primary") VALUES ('2026-01-10-dsc05296', 0, 'saab-gripen-c', 'th-701st-squadron', 1);
INSERT INTO "photo_subjects" ("photo_id", "position", "aircraft_id", "unit_id", "is_primary") VALUES ('2026-01-10-dsc05309', 0, 'saab-gripen-c', 'th-701st-squadron', 1);
INSERT INTO "photo_subjects" ("photo_id", "position", "aircraft_id", "unit_id", "is_primary") VALUES ('2026-01-10-dsc05351', 0, 'saab-gripen-c', 'th-701st-squadron', 1);
INSERT INTO "photo_subjects" ("photo_id", "position", "aircraft_id", "unit_id", "is_primary") VALUES ('2026-01-10-dsc05401', 0, 'saab-gripen-c', 'th-701st-squadron', 1);
INSERT INTO "photo_subjects" ("photo_id", "position", "aircraft_id", "unit_id", "is_primary") VALUES ('2026-01-10-dsc05407', 0, 'saab-gripen-c', 'th-701st-squadron', 1);
INSERT INTO "photo_subjects" ("photo_id", "position", "aircraft_id", "unit_id", "is_primary") VALUES ('2026-01-10-dsc05537', 0, 'saab-gripen-c', 'th-701st-squadron', 1);
INSERT INTO "photo_subjects" ("photo_id", "position", "aircraft_id", "unit_id", "is_primary") VALUES ('2026-01-10-dsc05649', 0, 'saab-gripen-c', 'th-701st-squadron', 1);
INSERT INTO "photo_subjects" ("photo_id", "position", "aircraft_id", "unit_id", "is_primary") VALUES ('2026-01-10-dsc05725', 0, 'saab-gripen-c', 'th-701st-squadron', 1);
INSERT INTO "photo_subjects" ("photo_id", "position", "aircraft_id", "unit_id", "is_primary") VALUES ('2026-01-10-dsc05813', 0, 'beechcraft-at-6th-wolverine', 'th-411st-fighter-squadron', 1);
INSERT INTO "photo_subjects" ("photo_id", "position", "aircraft_id", "unit_id", "is_primary") VALUES ('2026-01-10-dsc05983', 0, 'beechcraft-at-6th-wolverine', 'th-411st-fighter-squadron', 1);
INSERT INTO "photo_subjects" ("photo_id", "position", "aircraft_id", "unit_id", "is_primary") VALUES ('2026-01-10-dsc06077', 0, 'beechcraft-at-6th-wolverine', 'th-411st-fighter-squadron', 1);
INSERT INTO "photo_subjects" ("photo_id", "position", "aircraft_id", "unit_id", "is_primary") VALUES ('2026-01-10-dsc06084', 0, 'beechcraft-at-6th-wolverine', 'th-411st-fighter-squadron', 1);
INSERT INTO "photo_subjects" ("photo_id", "position", "aircraft_id", "unit_id", "is_primary") VALUES ('2026-01-10-dsc06216', 0, 'beechcraft-at-6th-wolverine', 'th-411st-fighter-squadron', 1);
INSERT INTO "photo_subjects" ("photo_id", "position", "aircraft_id", "unit_id", "is_primary") VALUES ('2026-01-10-dsc06226', 0, 'beechcraft-at-6th-wolverine', 'th-411st-fighter-squadron', 1);
INSERT INTO "photo_subjects" ("photo_id", "position", "aircraft_id", "unit_id", "is_primary") VALUES ('2026-01-10-dsc06346', 0, 'beechcraft-at-6th-wolverine', 'th-411st-fighter-squadron', 1);
INSERT INTO "photo_subjects" ("photo_id", "position", "aircraft_id", "unit_id", "is_primary") VALUES ('2026-01-10-dsc06402', 0, 'beechcraft-at-6th-wolverine', 'th-411st-fighter-squadron', 1);
INSERT INTO "photo_subjects" ("photo_id", "position", "aircraft_id", "unit_id", "is_primary") VALUES ('2026-01-10-dsc06434', 0, 'beechcraft-at-6th-wolverine', 'th-411st-fighter-squadron', 1);
INSERT INTO "photo_subjects" ("photo_id", "position", "aircraft_id", "unit_id", "is_primary") VALUES ('2026-01-31-raaf-f35a-3', 0, 'lockheed-martin-f-35a-lightning-ii', 'au-75-squadron', 1);
INSERT INTO "photo_subjects" ("photo_id", "position", "aircraft_id", "unit_id", "is_primary") VALUES ('2026-01-31-raaf-f35a-4', 0, 'lockheed-martin-f-35a-lightning-ii', 'au-75-squadron', 1);
INSERT INTO "photo_subjects" ("photo_id", "position", "aircraft_id", "unit_id", "is_primary") VALUES ('2026-02-03-raaf-f35a-1', 0, 'lockheed-martin-f-35a-lightning-ii', 'au-75-squadron', 1);
INSERT INTO "photo_subjects" ("photo_id", "position", "aircraft_id", "unit_id", "is_primary") VALUES ('2026-02-03-raaf-f35a-2', 0, 'lockheed-martin-f-35a-lightning-ii', 'au-75-squadron', 1);
INSERT INTO "photo_subjects" ("photo_id", "position", "aircraft_id", "unit_id", "is_primary") VALUES ('2026-02-03-rsaf-apache-flare', 0, 'boeing-ah-64d-apache-longbow', 'sg-120-squadron', 1);
INSERT INTO "photo_subjects" ("photo_id", "position", "aircraft_id", "unit_id", "is_primary") VALUES ('2026-04-07-dsc05905', 0, 'mitsubishi-f-2b', 'jp-air-development-and-test-wing', 1);
INSERT INTO "photo_subjects" ("photo_id", "position", "aircraft_id", "unit_id", "is_primary") VALUES ('2026-04-07-dsc05913', 0, 'mitsubishi-f-2b', 'jp-air-development-and-test-wing', 1);
INSERT INTO "photo_subjects" ("photo_id", "position", "aircraft_id", "unit_id", "is_primary") VALUES ('2026-04-07-dsc05922', 0, 'mitsubishi-f-2b', 'jp-air-development-and-test-wing', 1);
INSERT INTO "photo_subjects" ("photo_id", "position", "aircraft_id", "unit_id", "is_primary") VALUES ('2026-04-07-dsc05940', 0, 'mitsubishi-f-2b', 'jp-air-development-and-test-wing', 1);
INSERT INTO "photo_subjects" ("photo_id", "position", "aircraft_id", "unit_id", "is_primary") VALUES ('2026-04-07-dsc06321', 0, 'mitsubishi-f-2b', 'jp-air-development-and-test-wing', 1);
INSERT INTO "photo_subjects" ("photo_id", "position", "aircraft_id", "unit_id", "is_primary") VALUES ('2026-04-07-dsc06333', 0, 'mitsubishi-f-2b', 'jp-air-development-and-test-wing', 1);
INSERT INTO "photo_subjects" ("photo_id", "position", "aircraft_id", "unit_id", "is_primary") VALUES ('2026-04-08-081201', 0, 'kawasaki-c-2', 'jp-air-development-and-test-wing', 1);
INSERT INTO "photo_subjects" ("photo_id", "position", "aircraft_id", "unit_id", "is_primary") VALUES ('2026-04-08-128928', 0, 'mitsubishi-f-15j-eagle', 'jp-air-development-and-test-wing', 1);
INSERT INTO "photo_subjects" ("photo_id", "position", "aircraft_id", "unit_id", "is_primary") VALUES ('2026-04-08-638101', 0, 'mitsubishi-f-2b', 'jp-air-development-and-test-wing', 1);
INSERT INTO "photo_subjects" ("photo_id", "position", "aircraft_id", "unit_id", "is_primary") VALUES ('2026-04-08-681203', 0, 'kawasaki-ec-2', 'jp-electronic-warfare-squadron', 1);
INSERT INTO "photo_subjects" ("photo_id", "position", "aircraft_id", "unit_id", "is_primary") VALUES ('2026-04-08-xx5606', 0, 'kawasaki-t-4', 'jp-air-development-and-test-wing', 1);
INSERT INTO "photo_subjects" ("photo_id", "position", "aircraft_id", "unit_id", "is_primary") VALUES ('2026-04-08-xx8523', 0, 'mitsubishi-f-2a', 'jp-air-development-and-test-wing', 1);

COMMIT;
